hash,variables,clauses,gbd_variables,gbd_clauses,family,author,result,filename,tracks,local_path
cbeca117cfb441b828e931758b854d3c,12,20,12,20,battleship,skvortsov,sat,cbeca117cfb441b828e931758b854d3c,"crafted_2012,portfolio_2012",instances/cbeca117cfb441b828e931758b854d3c.cnf
2b738a1991a7318cad993a809b10cc2c,12,32,12,32,tseitin-formulas,bevan,unsat,2b738a1991a7318cad993a809b10cc2c,"anni_2022,handmade_2003",instances/2b738a1991a7318cad993a809b10cc2c.cnf
a53f5bdf5c68f006c146f172fdd5a49d,12,32,12,32,tseitin-formulas,bevan,unsat,a53f5bdf5c68f006c146f172fdd5a49d,handmade_2003,instances/a53f5bdf5c68f006c146f172fdd5a49d.cnf
23a92c04ee9248308a18d6a44e5d15f0,15,24,15,24,battleship,skvortsov,sat,23a92c04ee9248308a18d6a44e5d15f0,"anni_2022,crafted_2012",instances/23a92c04ee9248308a18d6a44e5d15f0.cnf
6ff98b815c0ff57d92086702e7dd2829,15,64,15,64,tseitin-formulas,bevan,unsat,6ff98b815c0ff57d92086702e7dd2829,"anni_2022,handmade_2003",instances/6ff98b815c0ff57d92086702e7dd2829.cnf
1cf67760092ebabc1bb42706fb8d43dc,18,95,18,95,tseitin-formulas,bevan,sat,1cf67760092ebabc1bb42706fb8d43dc,handmade_2003,instances/1cf67760092ebabc1bb42706fb8d43dc.cnf
4efecd99c585a00761bc52113f4ac456,20,783,20,783,random,pehoushek,sat,4efecd99c585a00761bc52113f4ac456,random_2002,instances/4efecd99c585a00761bc52113f4ac456.cnf
a277def937f2d67b91d8be7ea410a1a3,20,785,20,785,random,pehoushek,sat,a277def937f2d67b91d8be7ea410a1a3,random_2002,instances/a277def937f2d67b91d8be7ea410a1a3.cnf
a9919a354663b96040f9b806a812d0d1,20,795,20,795,random,pehoushek,unsat,a9919a354663b96040f9b806a812d0d1,random_2002,instances/a9919a354663b96040f9b806a812d0d1.cnf
866f6730afd797a244fea4f28ac3a218,20,797,20,797,random,pehoushek,sat,866f6730afd797a244fea4f28ac3a218,random_2002,instances/866f6730afd797a244fea4f28ac3a218.cnf
7b7d94844b730bd2015a6328464bc706,20,803,20,803,random,pehoushek,unsat,7b7d94844b730bd2015a6328464bc706,random_2002,instances/7b7d94844b730bd2015a6328464bc706.cnf
8345bdb88fa777b2940145d3306bbf7e,20,806,20,806,random,pehoushek,sat,8345bdb88fa777b2940145d3306bbf7e,random_2002,instances/8345bdb88fa777b2940145d3306bbf7e.cnf
3eaa112593cb66052d579c16f3d5a37e,20,822,20,822,random,pehoushek,sat,3eaa112593cb66052d579c16f3d5a37e,random_2002,instances/3eaa112593cb66052d579c16f3d5a37e.cnf
4b7ca3eb0be96a25f119e8238d5da1f6,20,830,20,830,random,pehoushek,sat,4b7ca3eb0be96a25f119e8238d5da1f6,random_2002,instances/4b7ca3eb0be96a25f119e8238d5da1f6.cnf
2367a7e13ff5d039978a26c3081a4342,20,832,20,832,random,pehoushek,sat,2367a7e13ff5d039978a26c3081a4342,random_2002,instances/2367a7e13ff5d039978a26c3081a4342.cnf
92dca1683b78f5de8e7591f94e9aa948,20,833,20,833,random,pehoushek,sat,92dca1683b78f5de8e7591f94e9aa948,random_2002,instances/92dca1683b78f5de8e7591f94e9aa948.cnf
f2a0158e6029a7535611c6a8113daada,21,72,21,72,tseitin-formulas,bevan,unsat,f2a0158e6029a7535611c6a8113daada,handmade_2003,instances/f2a0158e6029a7535611c6a8113daada.cnf
787fd7b0f4d779fdabfbbd3dd29f8db4,24,52,24,52,battleship,skvortsov,unsat,787fd7b0f4d779fdabfbbd3dd29f8db4,"anni_2022,crafted_2012,portfolio_2012",instances/787fd7b0f4d779fdabfbbd3dd29f8db4.cnf
f42d2ce7b4efd3f96e063dd1f6fec7f1,24,61,24,61,linvrinv,biere,unsat,f42d2ce7b4efd3f96e063dd1f6fec7f1,"anni_2022,crafted_2005",instances/f42d2ce7b4efd3f96e063dd1f6fec7f1.cnf
47e3b78c2157b685e23b53915a1b33b5,26,70,26,70,miter,biere,unsat,47e3b78c2157b685e23b53915a1b33b5,"anni_2022,industrial_2002,mus_2011",instances/47e3b78c2157b685e23b53915a1b33b5.cnf
c7d10eee6ce5f663697f3146ec866c69,26,156,26,156,tseitin-formulas,bevan,unsat,c7d10eee6ce5f663697f3146ec866c69,"anni_2022,handmade_2003",instances/c7d10eee6ce5f663697f3146ec866c69.cnf
f349621e75ede4e9e9422b3d0f677268,27,53,27,53,parity-games,friedmann,unsat,f349621e75ede4e9e9422b3d0f677268,"anni_2022,crafted_2009,crafted_2012,portfolio_2012",instances/f349621e75ede4e9e9422b3d0f677268.cnf
e4eab3cf8678b03835123608fdd268e4,28,96,28,96,tseitin-formulas,bevan,unsat,e4eab3cf8678b03835123608fdd268e4,"anni_2022,handmade_2003",instances/e4eab3cf8678b03835123608fdd268e4.cnf
9a9827b82f6ff4fd887f0ada83dd2eab,30,80,30,80,tseitin-formulas,bevan,unsat,9a9827b82f6ff4fd887f0ada83dd2eab,"anni_2022,handmade_2003",instances/9a9827b82f6ff4fd887f0ada83dd2eab.cnf
cfd1346d0bd598be135475ecd856eb9e,30,192,30,192,tseitin-formulas,bevan,unsat,cfd1346d0bd598be135475ecd856eb9e,"anni_2022,handmade_2003",instances/cfd1346d0bd598be135475ecd856eb9e.cnf
6176faf90d04b943e72346f634a1577e,30,419,30,419,random,pehoushek,unsat,6176faf90d04b943e72346f634a1577e,random_2002,instances/6176faf90d04b943e72346f634a1577e.cnf
43e1cc469be3087b024dc0b5f4b01d5c,30,420,30,420,random,pehoushek,unsat,43e1cc469be3087b024dc0b5f4b01d5c,"anni_2022,crafted_2011,random_2002",instances/43e1cc469be3087b024dc0b5f4b01d5c.cnf
c7f30869e2222200eb837086a2198e39,31,240,31,240,tseitin-formulas,bevan,unsat,c7f30869e2222200eb837086a2198e39,"anni_2022,handmade_2003",instances/c7f30869e2222200eb837086a2198e39.cnf
04327b18171b43ff06586707499b97fc,32,128,32,128,tseitin-formulas,bevan,unsat,04327b18171b43ff06586707499b97fc,"anni_2022,handmade_2003",instances/04327b18171b43ff06586707499b97fc.cnf
b675ff0d198a1ddf59de56ac6e98481f,33,128,33,128,tseitin-formulas,bevan,unsat,b675ff0d198a1ddf59de56ac6e98481f,"anni_2022,handmade_2003",instances/b675ff0d198a1ddf59de56ac6e98481f.cnf
c3cc6d7dc2f972fa2d8b4830f230aacf,34,150,34,150,genurq,ostrowski,sat,c3cc6d7dc2f972fa2d8b4830f230aacf,"anni_2022,handmade_2003",instances/c3cc6d7dc2f972fa2d8b4830f230aacf.cnf
04071576275e4113b60c21601b364345,35,120,35,120,tseitin-formulas,bevan,unsat,04071576275e4113b60c21601b364345,"anni_2022,handmade_2003",instances/04071576275e4113b60c21601b364345.cnf
4df590f124b66f482b7fea490be31ef5,35,216,35,216,tseitin-formulas,bevan,unsat,4df590f124b66f482b7fea490be31ef5,"anni_2022,handmade_2003",instances/4df590f124b66f482b7fea490be31ef5.cnf
6b36abc94899ab1d25a9c48d7697916c,36,84,36,84,coloring,vangelder,unsat,6b36abc94899ab1d25a9c48d7697916c,"anni_2022,handmade_2002",instances/6b36abc94899ab1d25a9c48d7697916c.cnf
9a9e21318977d18e1d51a744adc7d854,36,96,36,96,tseitin-formulas,chu-min-li,unsat,9a9e21318977d18e1d51a744adc7d854,"anni_2022,handmade_2002",instances/9a9e21318977d18e1d51a744adc7d854.cnf
af35fbf18f3fd6a60f0ef4c38fb50d3e,36,96,36,96,tseitin-formulas,chu-min-li,unsat,af35fbf18f3fd6a60f0ef4c38fb50d3e,handmade_2003,instances/af35fbf18f3fd6a60f0ef4c38fb50d3e.cnf
11c893b7c37aeb53cdaf5f677dda0b7d,36,144,36,144,tseitin-formulas,bevan,unsat,11c893b7c37aeb53cdaf5f677dda0b7d,"anni_2022,handmade_2003",instances/11c893b7c37aeb53cdaf5f677dda0b7d.cnf
7c0296e111436f76c122df0d9cc07696,36,230,36,230,tseitin-formulas,simon,unsat,7c0296e111436f76c122df0d9cc07696,"anni_2022,handmade_2002",instances/7c0296e111436f76c122df0d9cc07696.cnf
3df4057f6ca11c57e2d3e8f24234cd5b,37,160,37,160,tseitin-formulas,bevan,unsat,3df4057f6ca11c57e2d3e8f24234cd5b,"anni_2022,handmade_2003",instances/3df4057f6ca11c57e2d3e8f24234cd5b.cnf
988603bd72158a0c8491d29b7c62c04e,39,80,39,80,parity-games,friedmann,unsat,988603bd72158a0c8491d29b7c62c04e,"anni_2022,crafted_2009,crafted_2012,portfolio_2012",instances/988603bd72158a0c8491d29b7c62c04e.cnf
d89c0f6742978220b2ef27f104913931,40,105,40,105,battleship,skvortsov,unsat,d89c0f6742978220b2ef27f104913931,"anni_2022,crafted_2011,crafted_2012",instances/d89c0f6742978220b2ef27f104913931.cnf
00f969737ba4338bd233cd3ed249bd55,40,176,40,176,coloring,pehoushek,unsat,00f969737ba4338bd233cd3ed249bd55,"anni_2022,handmade_2002",instances/00f969737ba4338bd233cd3ed249bd55.cnf
04e47e6635908600ef3938b32644825a,40,176,40,176,coloring,pehoushek,unsat,04e47e6635908600ef3938b32644825a,handmade_2002,instances/04e47e6635908600ef3938b32644825a.cnf
067dc6945c4aec1c2bc1fdc2e5819124,40,176,40,176,coloring,pehoushek,unsat,067dc6945c4aec1c2bc1fdc2e5819124,handmade_2002,instances/067dc6945c4aec1c2bc1fdc2e5819124.cnf
21ca756baf6af7f15098455977b88d6d,40,176,40,176,coloring,pehoushek,unsat,21ca756baf6af7f15098455977b88d6d,handmade_2002,instances/21ca756baf6af7f15098455977b88d6d.cnf
38de0de52a209b6d0beb50986fd8b506,40,176,40,176,coloring,pehoushek,unsat,38de0de52a209b6d0beb50986fd8b506,handmade_2002,instances/38de0de52a209b6d0beb50986fd8b506.cnf
4f968e0bb4a9609933e006ebc53a27ef,40,176,40,176,coloring,pehoushek,unsat,4f968e0bb4a9609933e006ebc53a27ef,handmade_2002,instances/4f968e0bb4a9609933e006ebc53a27ef.cnf
5e7c7f5b8ff247cb8b8de0645e327b4d,40,176,40,176,coloring,pehoushek,unsat,5e7c7f5b8ff247cb8b8de0645e327b4d,handmade_2002,instances/5e7c7f5b8ff247cb8b8de0645e327b4d.cnf
87262846343313aa8de488c4bd7b6683,40,176,40,176,coloring,pehoushek,unsat,87262846343313aa8de488c4bd7b6683,handmade_2002,instances/87262846343313aa8de488c4bd7b6683.cnf
e7ee9430abd1307b7fb47b378cfa834a,40,176,40,176,coloring,pehoushek,unsat,e7ee9430abd1307b7fb47b378cfa834a,handmade_2002,instances/e7ee9430abd1307b7fb47b378cfa834a.cnf
f92890120255523d223c4d234688d0f2,40,176,40,176,coloring,pehoushek,unsat,f92890120255523d223c4d234688d0f2,handmade_2002,instances/f92890120255523d223c4d234688d0f2.cnf
becda1f50323450f71052c12e2670a15,40,608,40,608,random,pehoushek,unsat,becda1f50323450f71052c12e2670a15,random_2002,instances/becda1f50323450f71052c12e2670a15.cnf
ca0f34aa2c6e5be0567116afbb8b4045,40,624,40,624,random,pehoushek,unsat,ca0f34aa2c6e5be0567116afbb8b4045,random_2002,instances/ca0f34aa2c6e5be0567116afbb8b4045.cnf
eafc85eddef1de023ea636f25b1ef914,41,224,41,224,tseitin-formulas,bevan,unsat,eafc85eddef1de023ea636f25b1ef914,"anni_2022,crafted_2011,crafted_2012,handmade_2003,portfolio_2012",instances/eafc85eddef1de023ea636f25b1ef914.cnf
b1eb31469f5bdb6e4b70f762240ad6a0,41,272,41,272,tseitin-formulas,bevan,unsat,b1eb31469f5bdb6e4b70f762240ad6a0,"anni_2022,crafted_2011,crafted_2012,handmade_2003",instances/b1eb31469f5bdb6e4b70f762240ad6a0.cnf
8e4e5a8d8b1a86288d58b0779c70c871,41,304,41,304,tseitin-formulas,bevan,unsat,8e4e5a8d8b1a86288d58b0779c70c871,"anni_2022,handmade_2003",instances/8e4e5a8d8b1a86288d58b0779c70c871.cnf
874bdedb23926bd0df8ef574e981fd2f,42,144,42,144,tseitin-formulas,bevan,unsat,874bdedb23926bd0df8ef574e981fd2f,"anni_2022,handmade_2003",instances/874bdedb23926bd0df8ef574e981fd2f.cnf
edcf12c975995809243baad78e8d2978,42,336,42,336,tseitin-formulas,bevan,unsat,edcf12c975995809243baad78e8d2978,"anni_2022,handmade_2003",instances/edcf12c975995809243baad78e8d2978.cnf
4b36348f21d1d290bfee9c9fd6214552,42,342,42,342,tseitin-formulas,simon,unsat,4b36348f21d1d290bfee9c9fd6214552,"anni_2022,handmade_2002",instances/4b36348f21d1d290bfee9c9fd6214552.cnf
34c64c89371c38e2ad39442e7be6f9f2,43,316,43,316,tseitin-formulas,simon,unsat,34c64c89371c38e2ad39442e7be6f9f2,"anni_2022,handmade_2002",instances/34c64c89371c38e2ad39442e7be6f9f2.cnf
16e5939e61e823ea250858edd0fb8d44,43,340,43,340,tseitin-formulas,simon,unsat,16e5939e61e823ea250858edd0fb8d44,"anni_2022,handmade_2002",instances/16e5939e61e823ea250858edd0fb8d44.cnf
94833a9e9b5feca8f4cd409141d3e2d0,44,276,44,276,tseitin-formulas,bevan,unsat,94833a9e9b5feca8f4cd409141d3e2d0,"anni_2022,handmade_2003",instances/94833a9e9b5feca8f4cd409141d3e2d0.cnf
b58f64784154e9231e1006915b310f30,44,398,44,398,tseitin-formulas,simon,unsat,b58f64784154e9231e1006915b310f30,"anni_2022,handmade_2002",instances/b58f64784154e9231e1006915b310f30.cnf
9a8546564631081cdfd3ead12990c266,44,416,44,416,tseitin-formulas,simon,unsat,9a8546564631081cdfd3ead12990c266,"anni_2022,handmade_2002",instances/9a8546564631081cdfd3ead12990c266.cnf
3ce73c94ea228d9f82d9ce0a35e44678,45,288,45,288,tseitin-formulas,bevan,unsat,3ce73c94ea228d9f82d9ce0a35e44678,"anni_2022,handmade_2003",instances/3ce73c94ea228d9f82d9ce0a35e44678.cnf
37aad570c1cd0eeff448e04d3d2ba9b4,45,352,45,352,tseitin-formulas,bevan,unsat,37aad570c1cd0eeff448e04d3d2ba9b4,"anni_2022,handmade_2003",instances/37aad570c1cd0eeff448e04d3d2ba9b4.cnf
0297c2a35f116ffd5382aea5b421e6df,45,376,45,376,tseitin-formulas,chu-min-li,unsat,0297c2a35f116ffd5382aea5b421e6df,"anni_2022,handmade_2003,handmade_2004,main_2023",instances/0297c2a35f116ffd5382aea5b421e6df.cnf
464bf1752e0e4e54f36383e8f1895fe4,45,376,45,376,tseitin-formulas,simon,unsat,464bf1752e0e4e54f36383e8f1895fe4,handmade_2002,instances/464bf1752e0e4e54f36383e8f1895fe4.cnf
515169f54b051534b750159ffff19cbc,45,446,45,446,tseitin-formulas,simon,unsat,515169f54b051534b750159ffff19cbc,"anni_2022,handmade_2002",instances/515169f54b051534b750159ffff19cbc.cnf
076d4d6f83306ee69c35e3c99e30d8f8,46,122,46,122,xor-chain,zhang-lintao,unsat,076d4d6f83306ee69c35e3c99e30d8f8,"anni_2022,handmade_2002",instances/076d4d6f83306ee69c35e3c99e30d8f8.cnf
f10abbb7c1ae0e1a9ba7d575d9630d9a,46,122,46,122,xor-chain,zhang-lintao,unsat,f10abbb7c1ae0e1a9ba7d575d9630d9a,handmade_2002,instances/f10abbb7c1ae0e1a9ba7d575d9630d9a.cnf
940a69d9f16d6c8d7a535662386e9b5d,46,470,46,470,tseitin-formulas,simon,unsat,940a69d9f16d6c8d7a535662386e9b5d,"anni_2022,crafted_2012",instances/940a69d9f16d6c8d7a535662386e9b5d.cnf
740e92f74d485a285242d8c4a437b084,47,200,47,200,tseitin-formulas,bevan,unsat,740e92f74d485a285242d8c4a437b084,"anni_2022,handmade_2003",instances/740e92f74d485a285242d8c4a437b084.cnf
e49c408c713af6dde16f707e38419a3c,48,81,48,81,theorem-proving,vangelder,unsat,e49c408c713af6dde16f707e38419a3c,"anni_2022,handmade_2002",instances/e49c408c713af6dde16f707e38419a3c.cnf
0ef68fc7aa6f2bc7fb74ada9d865da06,48,153,48,153,planning,maris,sat,0ef68fc7aa6f2bc7fb74ada9d865da06,"anni_2022,industrial_2005",instances/0ef68fc7aa6f2bc7fb74ada9d865da06.cnf
7e19f295d35c30ac4d5386ffec1fcf28,48,153,48,153,planning,maris,sat,7e19f295d35c30ac4d5386ffec1fcf28,industrial_2005,instances/7e19f295d35c30ac4d5386ffec1fcf28.cnf
7e9a4f42129a42748ce607fb97d086bf,49,168,49,168,tseitin-formulas,bevan,unsat,7e9a4f42129a42748ce607fb97d086bf,"anni_2022,handmade_2003",instances/7e9a4f42129a42748ce607fb97d086bf.cnf
4adc1e755caaabac57763acbabbc628d,49,480,49,480,tseitin-formulas,bevan,unsat,4adc1e755caaabac57763acbabbc628d,"anni_2022,handmade_2003",instances/4adc1e755caaabac57763acbabbc628d.cnf
b13e24a50fa51d70052af82f22abd940,49,572,49,572,tseitin-formulas,simon,unsat,b13e24a50fa51d70052af82f22abd940,"anni_2022,handmade_2002",instances/b13e24a50fa51d70052af82f22abd940.cnf
d5234444b8633216f6a3b40c88e2e6bc,49,572,49,572,tseitin-formulas,chu-min-li,unknown,d5234444b8633216f6a3b40c88e2e6bc,"handmade_2003,handmade_2004",instances/d5234444b8633216f6a3b40c88e2e6bc.cnf
18f54820956791d3028868b56a09c6cd,50,159,50,159,bounded-model-checking,marques-silva,unsat,18f54820956791d3028868b56a09c6cd,"anni_2022,mus_2011",instances/18f54820956791d3028868b56a09c6cd.cnf
c928c185c3a3f5e729667363b7c471d5,50,760,50,760,random,pehoushek,sat,c928c185c3a3f5e729667363b7c471d5,random_2002,instances/c928c185c3a3f5e729667363b7c471d5.cnf
f47a366ce89ef01e4f1ff6031b49a9c8,50,780,50,780,random,pehoushek,sat,f47a366ce89ef01e4f1ff6031b49a9c8,random_2002,instances/f47a366ce89ef01e4f1ff6031b49a9c8.cnf
cf4c9fdf0c55163b64cd7ddd69927cd1,50,799,50,799,random,pehoushek,sat,cf4c9fdf0c55163b64cd7ddd69927cd1,random_2002,instances/cf4c9fdf0c55163b64cd7ddd69927cd1.cnf
6f0fb8bfab60da956aa2d50dd07d3914,50,800,50,800,random,pehoushek,unsat,6f0fb8bfab60da956aa2d50dd07d3914,random_2002,instances/6f0fb8bfab60da956aa2d50dd07d3914.cnf
89c293c02fe6dcb7a3ef561f5024cee1,50,800,50,800,random,pehoushek,sat,89c293c02fe6dcb7a3ef561f5024cee1,random_2002,instances/89c293c02fe6dcb7a3ef561f5024cee1.cnf
8f59d9f509e94d3e8deb5b6a4ac1ae6c,50,800,50,800,random,pehoushek,sat,8f59d9f509e94d3e8deb5b6a4ac1ae6c,random_2002,instances/8f59d9f509e94d3e8deb5b6a4ac1ae6c.cnf
94e9ff8a105b62ad500ca840902b2707,50,800,50,800,random,pehoushek,sat,94e9ff8a105b62ad500ca840902b2707,random_2002,instances/94e9ff8a105b62ad500ca840902b2707.cnf
cfa182011a45198a1dc163b6d0a94c66,50,800,50,800,random,pehoushek,unsat,cfa182011a45198a1dc163b6d0a94c66,random_2002,instances/cfa182011a45198a1dc163b6d0a94c66.cnf
0c1576fd11fe64ac886d836c26b69145,50,819,50,819,random,pehoushek,unsat,0c1576fd11fe64ac886d836c26b69145,random_2002,instances/0c1576fd11fe64ac886d836c26b69145.cnf
023e522c9160d4d1584c5ce1a6ce48d1,50,820,50,820,random,pehoushek,unsat,023e522c9160d4d1584c5ce1a6ce48d1,random_2002,instances/023e522c9160d4d1584c5ce1a6ce48d1.cnf
04aa3db794a4a1129b037aac393e0bb5,50,820,50,820,random,pehoushek,unsat,04aa3db794a4a1129b037aac393e0bb5,random_2002,instances/04aa3db794a4a1129b037aac393e0bb5.cnf
b75cc11ca7a62f2133094158b3f5ea49,50,820,50,820,random,pehoushek,unsat,b75cc11ca7a62f2133094158b3f5ea49,random_2002,instances/b75cc11ca7a62f2133094158b3f5ea49.cnf
c46140759a4fe80428e3483a1161a8d7,50,820,50,820,random,pehoushek,unsat,c46140759a4fe80428e3483a1161a8d7,random_2002,instances/c46140759a4fe80428e3483a1161a8d7.cnf
fbabbc02b7d74ebff45b8b9d25f51aff,50,820,50,820,random,pehoushek,unsat,fbabbc02b7d74ebff45b8b9d25f51aff,random_2002,instances/fbabbc02b7d74ebff45b8b9d25f51aff.cnf
3ed954a7de5112bb18b5c57d73e280c2,53,336,53,336,tseitin-formulas,bevan,unsat,3ed954a7de5112bb18b5c57d73e280c2,"anni_2022,handmade_2003",instances/3ed954a7de5112bb18b5c57d73e280c2.cnf
033d611722714d5206cc0184479e92e2,53,432,53,432,tseitin-formulas,bevan,unsat,033d611722714d5206cc0184479e92e2,"anni_2022,handmade_2003",instances/033d611722714d5206cc0184479e92e2.cnf
0928111a3d5d5ce05dffb83cb5982eba,54,58,54,58,cover,gacek,unsat,0928111a3d5d5ce05dffb83cb5982eba,"anni_2022,main_2020",instances/0928111a3d5d5ce05dffb83cb5982eba.cnf
affc020c04747decff98d4cc547f5931,54,170,54,170,battleship,skvortsov,sat,affc020c04747decff98d4cc547f5931,"crafted_2011,crafted_2012,portfolio_2012",instances/affc020c04747decff98d4cc547f5931.cnf
04c045b6ea95a35e248f3c5fa17e4c56,54,688,54,688,tseitin-formulas,unknown,unknown,04c045b6ea95a35e248f3c5fa17e4c56,"handmade_2003,handmade_2004",instances/04c045b6ea95a35e248f3c5fa17e4c56.cnf
833c0c0cd07db3a7423dc73f0d2378d2,54,688,54,688,tseitin-formulas,simon,unsat,833c0c0cd07db3a7423dc73f0d2378d2,"anni_2022,handmade_2002",instances/833c0c0cd07db3a7423dc73f0d2378d2.cnf
a03161dfe27323ee20614f27d8a803db,57,124,57,124,sgen,spence,unsat,a03161dfe27323ee20614f27d8a803db,"anni_2022,crafted_2007,crafted_2012",instances/a03161dfe27323ee20614f27d8a803db.cnf
85b16bb91702e4fc03bce7dd02bc9c48,58,476,58,476,tseitin-formulas,bevan,unsat,85b16bb91702e4fc03bce7dd02bc9c48,"anni_2022,handmade_2003",instances/85b16bb91702e4fc03bce7dd02bc9c48.cnf
41e1fb78bb132e71edcf26ea2e9a068e,60,160,60,160,tseitin-formulas,chu-min-li,unsat,41e1fb78bb132e71edcf26ea2e9a068e,"anni_2022,handmade_2002",instances/41e1fb78bb132e71edcf26ea2e9a068e.cnf
04b4dfec9afb6529764a94d1cea16abb,60,167,60,167,unknown,biere,unsat,04b4dfec9afb6529764a94d1cea16abb,industrial_2002,instances/04b4dfec9afb6529764a94d1cea16abb.cnf
c132cafd8ed646965f6786c423623840,60,936,60,936,random,pehoushek,unsat,c132cafd8ed646965f6786c423623840,"anni_2022,crafted_2011,random_2002",instances/c132cafd8ed646965f6786c423623840.cnf
34f04c5f664fbe9cc85b3cfb3a47a7ba,60,960,60,960,random,pehoushek,sat,34f04c5f664fbe9cc85b3cfb3a47a7ba,random_2002,instances/34f04c5f664fbe9cc85b3cfb3a47a7ba.cnf
448d8ea47bcbb93c53f0d47f9a0f1535,61,132,61,132,sgen,spence,unsat,448d8ea47bcbb93c53f0d47f9a0f1535,"anni_2022,crafted_2007",instances/448d8ea47bcbb93c53f0d47f9a0f1535.cnf
a73dfc45bae3b9d48bf8d26b8a3ab761,61,132,61,132,sgen,spence,unsat,a73dfc45bae3b9d48bf8d26b8a3ab761,"crafted_2009,crafted_2012,portfolio_2012",instances/a73dfc45bae3b9d48bf8d26b8a3ab761.cnf
095e78b37897df838f5137b24aa59ed6,61,280,61,280,tseitin-formulas,bevan,unsat,095e78b37897df838f5137b24aa59ed6,"anni_2022,handmade_2003",instances/095e78b37897df838f5137b24aa59ed6.cnf
c6e47b17688a41c70bb3d4f0222cb25c,62,396,62,396,tseitin-formulas,bevan,unsat,c6e47b17688a41c70bb3d4f0222cb25c,"anni_2022,handmade_2003",instances/c6e47b17688a41c70bb3d4f0222cb25c.cnf
2adbad9623c714a6f33c3405b8ab3c77,64,288,64,288,tseitin-formulas,bevan,unsat,2adbad9623c714a6f33c3405b8ab3c77,"anni_2022,handmade_2003",instances/2adbad9623c714a6f33c3405b8ab3c77.cnf
c7260e595b52c0b9323e5c8f399ac39f,64,298,64,298,genurq,ostrowski,sat,c7260e595b52c0b9323e5c8f399ac39f,"anni_2022,handmade_2003",instances/c7260e595b52c0b9323e5c8f399ac39f.cnf
f1854612bb1e00dc63056e28a428e0e2,64,528,64,528,tseitin-formulas,bevan,unsat,f1854612bb1e00dc63056e28a428e0e2,"anni_2022,handmade_2003",instances/f1854612bb1e00dc63056e28a428e0e2.cnf
35d3272e49849f3913b61365e411d770,65,140,65,140,sgen,spence,unsat,35d3272e49849f3913b61365e411d770,"anni_2022,crafted_2012",instances/35d3272e49849f3913b61365e411d770.cnf
52dc49596ea430cf93797da8b4bfff0b,65,140,65,140,sgen,spence,unsat,52dc49596ea430cf93797da8b4bfff0b,"crafted_2007,crafted_2012,portfolio_2012",instances/52dc49596ea430cf93797da8b4bfff0b.cnf
ec69ec227f79838c6b920584ce60dabe,69,148,69,148,sgen,spence,unsat,ec69ec227f79838c6b920584ce60dabe,"anni_2022,crafted_2007,crafted_2012",instances/ec69ec227f79838c6b920584ce60dabe.cnf
34038db20edb478e85b3bc6fce2e5c86,69,752,69,752,tseitin-formulas,bevan,unsat,34038db20edb478e85b3bc6fce2e5c86,"anni_2022,handmade_2003",instances/34038db20edb478e85b3bc6fce2e5c86.cnf
374a4ad84d28ffe2543dfdb028719de8,70,186,70,186,xor-chain,zhang-lintao,unsat,374a4ad84d28ffe2543dfdb028719de8,"anni_2022,handmade_2002",instances/374a4ad84d28ffe2543dfdb028719de8.cnf
87078e29f06cb461491342524817903c,70,186,70,186,xor-chain,zhang-lintao,unsat,87078e29f06cb461491342524817903c,handmade_2002,instances/87078e29f06cb461491342524817903c.cnf
76951f9f14004331d8c6f80e1c56bfd9,70,594,70,594,tseitin-formulas,simon,unsat,76951f9f14004331d8c6f80e1c56bfd9,"anni_2022,handmade_2002",instances/76951f9f14004331d8c6f80e1c56bfd9.cnf
9f33463b10b32b5318ffdf30508ea0d0,70,594,70,594,tseitin-formulas,chu-min-li,unknown,9f33463b10b32b5318ffdf30508ea0d0,"handmade_2003,handmade_2004",instances/9f33463b10b32b5318ffdf30508ea0d0.cnf
f46f3e7593e5bd3d74673a55af691812,72,168,72,168,coloring,vangelder,unsat,f46f3e7593e5bd3d74673a55af691812,"anni_2022,handmade_2002",instances/f46f3e7593e5bd3d74673a55af691812.cnf
8561abec7ab02c2dbe055425b8007849,72,532,72,532,tseitin-formulas,simon,unsat,8561abec7ab02c2dbe055425b8007849,"anni_2022,handmade_2002",instances/8561abec7ab02c2dbe055425b8007849.cnf
e22aa248ad2740d9e7626ee2253a81c6,72,532,72,532,tseitin-formulas,chu-min-li,unknown,e22aa248ad2740d9e7626ee2253a81c6,"handmade_2003,handmade_2004",instances/e22aa248ad2740d9e7626ee2253a81c6.cnf
1fdc28d676358b7e66bdf072dbbdba0b,73,156,73,156,sgen,spence,unsat,1fdc28d676358b7e66bdf072dbbdba0b,"anni_2022,crafted_2009,crafted_2012",instances/1fdc28d676358b7e66bdf072dbbdba0b.cnf
b9b48cd71e1aa810905c272c9eb8e175,73,156,73,156,sgen,spence,unsat,b9b48cd71e1aa810905c272c9eb8e175,crafted_2007,instances/b9b48cd71e1aa810905c272c9eb8e175.cnf
aa39c6d885d283a085d033ab7b89f8c8,74,694,74,694,tseitin-formulas,simon,unsat,aa39c6d885d283a085d033ab7b89f8c8,"anni_2022,crafted_2012,main_2024",instances/aa39c6d885d283a085d033ab7b89f8c8.cnf
46ba1a068afea0abc4ce80670841ef18,75,618,75,618,tseitin-formulas,simon,unsat,46ba1a068afea0abc4ce80670841ef18,"anni_2022,handmade_2002",instances/46ba1a068afea0abc4ce80670841ef18.cnf
e025c23875a6e7239a074436b0ad89ce,75,624,75,624,tseitin-formulas,bevan,unsat,e025c23875a6e7239a074436b0ad89ce,"anni_2022,handmade_2003",instances/e025c23875a6e7239a074436b0ad89ce.cnf
8665394d0c9d190007f0b61af3efdd70,75,658,75,658,tseitin-formulas,simon,unsat,8665394d0c9d190007f0b61af3efdd70,"anni_2022,handmade_2002",instances/8665394d0c9d190007f0b61af3efdd70.cnf
3292846129f7c1d50375e3e6cf8c7d4a,75,660,75,660,tseitin-formulas,bevan,unsat,3292846129f7c1d50375e3e6cf8c7d4a,"anni_2022,handmade_2003",instances/3292846129f7c1d50375e3e6cf8c7d4a.cnf
e5021fd61de00c58fbc0a2a373f0b49c,76,598,76,598,tseitin-formulas,simon,unsat,e5021fd61de00c58fbc0a2a373f0b49c,"anni_2022,handmade_2002",instances/e5021fd61de00c58fbc0a2a373f0b49c.cnf
f044b1cc1fd3f6407b3537cca495f7c1,76,598,76,598,tseitin-formulas,simon,unsat,f044b1cc1fd3f6407b3537cca495f7c1,"anni_2022,handmade_2002",instances/f044b1cc1fd3f6407b3537cca495f7c1.cnf
f433abde96a6225bdc91ba04c35045e9,76,598,76,598,tseitin-formulas,chu-min-li,unknown,f433abde96a6225bdc91ba04c35045e9,"handmade_2003,handmade_2004",instances/f433abde96a6225bdc91ba04c35045e9.cnf
f19283a8278915555d37420aa0715cb6,76,652,76,652,tseitin-formulas,simon,unsat,f19283a8278915555d37420aa0715cb6,"anni_2022,handmade_2002",instances/f19283a8278915555d37420aa0715cb6.cnf
1a021f3c7bcb621aee1559634d052c0e,77,164,77,164,sgen,spence,unsat,1a021f3c7bcb621aee1559634d052c0e,"anni_2022,crafted_2007,crafted_2012",instances/1a021f3c7bcb621aee1559634d052c0e.cnf
69ecd87c1e05c017df607bec0b461af7,77,164,77,164,sgen,spence,unsat,69ecd87c1e05c017df607bec0b461af7,"crafted_2012,portfolio_2012",instances/69ecd87c1e05c017df607bec0b461af7.cnf
e70da682181a8944aa95a662477abda4,79,688,79,688,tseitin-formulas,simon,unsat,e70da682181a8944aa95a662477abda4,"anni_2022,handmade_2002",instances/e70da682181a8944aa95a662477abda4.cnf
8ac86d57bc54e2da562403d6faf5865c,79,704,79,704,tseitin-formulas,bevan,unsat,8ac86d57bc54e2da562403d6faf5865c,"anni_2022,handmade_2003",instances/8ac86d57bc54e2da562403d6faf5865c.cnf
182c5a778acfc4512d833b76dce2b621,80,346,80,346,coloring,pehoushek,unsat,182c5a778acfc4512d833b76dce2b621,"anni_2022,handmade_2002",instances/182c5a778acfc4512d833b76dce2b621.cnf
68c91819fcdcc04672964c7161211535,80,346,80,346,coloring,pehoushek,unsat,68c91819fcdcc04672964c7161211535,handmade_2002,instances/68c91819fcdcc04672964c7161211535.cnf
7aaed0360512db84882bcf9cd0cf4981,80,346,80,346,coloring,pehoushek,unsat,7aaed0360512db84882bcf9cd0cf4981,handmade_2002,instances/7aaed0360512db84882bcf9cd0cf4981.cnf
7cafc548083f6016bc973fff380f7ae5,80,346,80,346,coloring,pehoushek,unsat,7cafc548083f6016bc973fff380f7ae5,handmade_2002,instances/7cafc548083f6016bc973fff380f7ae5.cnf
98312f96195f66fea07e5a253ae6e648,80,346,80,346,coloring,pehoushek,unsat,98312f96195f66fea07e5a253ae6e648,handmade_2002,instances/98312f96195f66fea07e5a253ae6e648.cnf
9c37d38895b75c2165b8995436fbbf47,80,346,80,346,coloring,pehoushek,unsat,9c37d38895b75c2165b8995436fbbf47,handmade_2002,instances/9c37d38895b75c2165b8995436fbbf47.cnf
da531a3d9a69a9aa7b1a080769bfdfef,80,346,80,346,coloring,pehoushek,unsat,da531a3d9a69a9aa7b1a080769bfdfef,handmade_2002,instances/da531a3d9a69a9aa7b1a080769bfdfef.cnf
e4b375f145e9a8b6f6fb634c16f5a1c2,80,346,80,346,coloring,pehoushek,unsat,e4b375f145e9a8b6f6fb634c16f5a1c2,handmade_2002,instances/e4b375f145e9a8b6f6fb634c16f5a1c2.cnf
e518a2546859130e69e0c006b6fccc4c,80,346,80,346,coloring,pehoushek,unsat,e518a2546859130e69e0c006b6fccc4c,handmade_2002,instances/e518a2546859130e69e0c006b6fccc4c.cnf
ea81801c24a316592671476e1d4f1a6e,80,346,80,346,coloring,pehoushek,unsat,ea81801c24a316592671476e1d4f1a6e,handmade_2002,instances/ea81801c24a316592671476e1d4f1a6e.cnf
daa64046112eb50107587b859f856a7d,80,370,80,370,pigeon-hole,sabharwal,unsat,daa64046112eb50107587b859f856a7d,"anni_2022,crafted_2005,crafted_2011,crafted_2012,portfolio_2012",instances/daa64046112eb50107587b859f856a7d.cnf
079b400eede86df1f1ffd6a3c303278b,80,512,80,512,tseitin-formulas,bevan,unsat,079b400eede86df1f1ffd6a3c303278b,"anni_2022,handmade_2003",instances/079b400eede86df1f1ffd6a3c303278b.cnf
44ab80d376f78495483e45bb8088c3ae,80,650,80,650,pigeon-hole,sabharwal,unsat,44ab80d376f78495483e45bb8088c3ae,"anni_2022,crafted_2005",instances/44ab80d376f78495483e45bb8088c3ae.cnf
602cb5256a5c05e90aec931c7f3fc0ab,81,172,81,172,sgen,spence,unsat,602cb5256a5c05e90aec931c7f3fc0ab,"anni_2022,crafted_2007,crafted_2012",instances/602cb5256a5c05e90aec931c7f3fc0ab.cnf
7b3d0382156f1923019d9e1879de193f,83,804,83,804,tseitin-formulas,simon,unsat,7b3d0382156f1923019d9e1879de193f,"anni_2022,handmade_2002",instances/7b3d0382156f1923019d9e1879de193f.cnf
57d991a3a137fe0d2838d57e631a0d13,84,301,84,301,battleship,skvortsov,unsat,57d991a3a137fe0d2838d57e631a0d13,"anni_2022,crafted_2011,crafted_2012,portfolio_2012",instances/57d991a3a137fe0d2838d57e631a0d13.cnf
05f3a48298721d68cded8618b432e7c3,85,180,85,180,sgen,spence,unsat,05f3a48298721d68cded8618b432e7c3,"anni_2022,crafted_2007",instances/05f3a48298721d68cded8618b432e7c3.cnf
107e43f3e7616bc80201d3694a7fba14,85,180,85,180,sgen,spence,unsat,107e43f3e7616bc80201d3694a7fba14,"anni_2022,crafted_2009,crafted_2012",instances/107e43f3e7616bc80201d3694a7fba14.cnf
1585509d20e96dca337559f71da9d9f1,86,864,86,864,tseitin-formulas,simon,unsat,1585509d20e96dca337559f71da9d9f1,"anni_2022,handmade_2002",instances/1585509d20e96dca337559f71da9d9f1.cnf
0ddb14f3c94bcd7233ef0c64bc1ffc56,87,232,87,232,tseitin-formulas,jarvisalo,unsat,0ddb14f3c94bcd7233ef0c64bc1ffc56,"anni_2022,crafted_2005",instances/0ddb14f3c94bcd7233ef0c64bc1ffc56.cnf
13b89bdc2cdf21b66ab1e918664c569d,87,232,87,232,tseitin-formulas,jarvisalo,unknown,13b89bdc2cdf21b66ab1e918664c569d,crafted_2005,instances/13b89bdc2cdf21b66ab1e918664c569d.cnf
2cdfbf1bf8828d563e2d64c4a3b21c4b,87,232,87,232,tseitin-formulas,jarvisalo,unsat,2cdfbf1bf8828d563e2d64c4a3b21c4b,"crafted_2007,crafted_2009,crafted_2012",instances/2cdfbf1bf8828d563e2d64c4a3b21c4b.cnf
2f7d375b6b2a8813dd4b17a31a6c4441,87,232,87,232,tseitin-formulas,jarvisalo,unknown,2f7d375b6b2a8813dd4b17a31a6c4441,crafted_2005,instances/2f7d375b6b2a8813dd4b17a31a6c4441.cnf
38d1bffb1fc4625995f428175b6a2d11,87,232,87,232,tseitin-formulas,jarvisalo,unknown,38d1bffb1fc4625995f428175b6a2d11,crafted_2005,instances/38d1bffb1fc4625995f428175b6a2d11.cnf
573d1b0fac5c5b321fbaeee18b79a26a,87,232,87,232,tseitin-formulas,jarvisalo,unknown,573d1b0fac5c5b321fbaeee18b79a26a,crafted_2005,instances/573d1b0fac5c5b321fbaeee18b79a26a.cnf
602c80022d2bb7af521d9214521398e4,87,232,87,232,tseitin-formulas,jarvisalo,unknown,602c80022d2bb7af521d9214521398e4,crafted_2005,instances/602c80022d2bb7af521d9214521398e4.cnf
61b03b95036a5f254aad543e5f13065d,87,232,87,232,tseitin-formulas,jarvisalo,unknown,61b03b95036a5f254aad543e5f13065d,crafted_2005,instances/61b03b95036a5f254aad543e5f13065d.cnf
6a5fc23012376480af7d742310ab6e1c,87,232,87,232,tseitin-formulas,jarvisalo,unknown,6a5fc23012376480af7d742310ab6e1c,crafted_2005,instances/6a5fc23012376480af7d742310ab6e1c.cnf
86561fb1435169ba33b2f58dcc3e0387,87,232,87,232,tseitin-formulas,jarvisalo,unknown,86561fb1435169ba33b2f58dcc3e0387,crafted_2005,instances/86561fb1435169ba33b2f58dcc3e0387.cnf
8e60c18740e991cf2ece650bfdd68d0c,87,232,87,232,tseitin-formulas,jarvisalo,unknown,8e60c18740e991cf2ece650bfdd68d0c,crafted_2005,instances/8e60c18740e991cf2ece650bfdd68d0c.cnf
948cae905f0d6aa79746d19f2e49b087,87,232,87,232,tseitin-formulas,jarvisalo,unknown,948cae905f0d6aa79746d19f2e49b087,crafted_2005,instances/948cae905f0d6aa79746d19f2e49b087.cnf
953dde526066e1354344451501ba2f55,87,232,87,232,tseitin-formulas,jarvisalo,unknown,953dde526066e1354344451501ba2f55,crafted_2005,instances/953dde526066e1354344451501ba2f55.cnf
9cd73dad5fe2bbfc7a62bc3dc039ba41,87,232,87,232,tseitin-formulas,jarvisalo,unknown,9cd73dad5fe2bbfc7a62bc3dc039ba41,crafted_2005,instances/9cd73dad5fe2bbfc7a62bc3dc039ba41.cnf
9ce6f6f311c89067a40f30edd05139cd,87,232,87,232,tseitin-formulas,jarvisalo,unknown,9ce6f6f311c89067a40f30edd05139cd,crafted_2005,instances/9ce6f6f311c89067a40f30edd05139cd.cnf
ab5952386fd4ad234832854eabd823dc,87,232,87,232,tseitin-formulas,jarvisalo,unknown,ab5952386fd4ad234832854eabd823dc,crafted_2005,instances/ab5952386fd4ad234832854eabd823dc.cnf
b53fc42ecfab2be0125f00c63104b37b,87,232,87,232,tseitin-formulas,jarvisalo,unknown,b53fc42ecfab2be0125f00c63104b37b,crafted_2005,instances/b53fc42ecfab2be0125f00c63104b37b.cnf
b5e7bbf6c8b488e7df5d23e08d5e75f3,87,232,87,232,tseitin-formulas,jarvisalo,unsat,b5e7bbf6c8b488e7df5d23e08d5e75f3,"crafted_2007,crafted_2009,crafted_2012,portfolio_2012",instances/b5e7bbf6c8b488e7df5d23e08d5e75f3.cnf
cb7e520395d8fa6e4e4f7027e2421016,87,232,87,232,tseitin-formulas,jarvisalo,unknown,cb7e520395d8fa6e4e4f7027e2421016,crafted_2005,instances/cb7e520395d8fa6e4e4f7027e2421016.cnf
ef2050e503ef20697e1ad9501f8238c6,87,232,87,232,tseitin-formulas,jarvisalo,unknown,ef2050e503ef20697e1ad9501f8238c6,crafted_2005,instances/ef2050e503ef20697e1ad9501f8238c6.cnf
245e9b5cdf197b523d57f35ac2fcb303,89,188,89,188,sgen,spence,unsat,245e9b5cdf197b523d57f35ac2fcb303,"anni_2022,crafted_2012,main_2020",instances/245e9b5cdf197b523d57f35ac2fcb303.cnf
83f7436f5209a2da186a58d4869e0df3,89,188,89,188,sgen,spence,unsat,83f7436f5209a2da186a58d4869e0df3,"crafted_2007,crafted_2012,portfolio_2012",instances/83f7436f5209a2da186a58d4869e0df3.cnf
fdff8713e0abb7d59b2c6db1f5f38f78,89,776,89,776,tseitin-formulas,bevan,unsat,fdff8713e0abb7d59b2c6db1f5f38f78,"anni_2022,handmade_2003",instances/fdff8713e0abb7d59b2c6db1f5f38f78.cnf
2e2c1be1dcb0a636e0cccce1008ff289,90,240,90,240,tseitin-formulas,jarvisalo,unsat,2e2c1be1dcb0a636e0cccce1008ff289,"anni_2022,crafted_2005",instances/2e2c1be1dcb0a636e0cccce1008ff289.cnf
8a441503ad1be828b939ede88ba10ebf,90,240,90,240,tseitin-formulas,jarvisalo,unsat,8a441503ad1be828b939ede88ba10ebf,crafted_2005,instances/8a441503ad1be828b939ede88ba10ebf.cnf
db88543c607c23efddd8ed3195011fda,90,240,90,240,tseitin-formulas,jarvisalo,unsat,db88543c607c23efddd8ed3195011fda,crafted_2005,instances/db88543c607c23efddd8ed3195011fda.cnf
ad2f86e7118e9447697c476a56cbb9e6,90,262,90,262,linvrinv,biere,unsat,ad2f86e7118e9447697c476a56cbb9e6,"anni_2022,crafted_2005",instances/ad2f86e7118e9447697c476a56cbb9e6.cnf
78d8140d9ecf62492911a1ec73a06212,90,401,90,401,planning,maris,sat,78d8140d9ecf62492911a1ec73a06212,"anni_2022,industrial_2005",instances/78d8140d9ecf62492911a1ec73a06212.cnf
b21c1786dc3083abfd9c217854bbefea,90,401,90,401,planning,maris,sat,b21c1786dc3083abfd9c217854bbefea,industrial_2005,instances/b21c1786dc3083abfd9c217854bbefea.cnf
44092fcc83a5cba81419e82cfd18602c,90,415,90,415,pigeon-hole,unknown,unsat,44092fcc83a5cba81419e82cfd18602c,"anni_2022,crafted_2005,main_2023",instances/44092fcc83a5cba81419e82cfd18602c.cnf
7894494e310c19322a7627adfd57f941,90,415,90,415,pigeon-hole,unknown,unsat,7894494e310c19322a7627adfd57f941,crafted_2012,instances/7894494e310c19322a7627adfd57f941.cnf
90d2c6c480c80c39d0e8005bd405ecd4,90,775,90,775,pigeon-hole,sabharwal,unsat,90d2c6c480c80c39d0e8005bd405ecd4,"anni_2022,crafted_2005",instances/90d2c6c480c80c39d0e8005bd405ecd4.cnf
ce636f1b8af96c134a2911efd63b7f14,91,322,91,322,battleship,skvortsov,sat,ce636f1b8af96c134a2911efd63b7f14,"anni_2022,crafted_2011",instances/ce636f1b8af96c134a2911efd63b7f14.cnf
ea27a2989279b30af0940b790dae4f94,93,196,93,196,sgen,spence,unsat,ea27a2989279b30af0940b790dae4f94,"anni_2022,crafted_2007,crafted_2012",instances/ea27a2989279b30af0940b790dae4f94.cnf
528914f6359f75a6493788e3730ffbb4,94,250,94,250,xor-chain,zhang-lintao,unsat,528914f6359f75a6493788e3730ffbb4,"anni_2022,handmade_2002",instances/528914f6359f75a6493788e3730ffbb4.cnf
9ad7dd132712bb28c5deca329834c371,94,250,94,250,xor-chain,zhang-lintao,unsat,9ad7dd132712bb28c5deca329834c371,handmade_2002,instances/9ad7dd132712bb28c5deca329834c371.cnf
6f24965c8737ff3f427c072958fe35b4,96,256,96,256,tseitin-formulas,bevan,unsat,6f24965c8737ff3f427c072958fe35b4,"anni_2022,handmade_2003",instances/6f24965c8737ff3f427c072958fe35b4.cnf
2e59129ef0d4fcaf1a3b9ae53e465238,97,204,97,204,sgen,spence,unsat,2e59129ef0d4fcaf1a3b9ae53e465238,"anni_2022,crafted_2014",instances/2e59129ef0d4fcaf1a3b9ae53e465238.cnf
3a8e674a10c37474dfa20684e5c747bf,97,204,97,204,sgen,spence,unsat,3a8e674a10c37474dfa20684e5c747bf,crafted_2014,instances/3a8e674a10c37474dfa20684e5c747bf.cnf
4801c06fbc3a4d6fbaf347b80b3b961a,97,204,97,204,sgen,spence,unsat,4801c06fbc3a4d6fbaf347b80b3b961a,"anni_2022,crafted_2007",instances/4801c06fbc3a4d6fbaf347b80b3b961a.cnf
56123e4cc587dc9731b8d7911d38fc88,97,204,97,204,sgen,spence,unsat,56123e4cc587dc9731b8d7911d38fc88,"crafted_2009,crafted_2012,crafted_2013",instances/56123e4cc587dc9731b8d7911d38fc88.cnf
8b7e176f5d0744f72887f4dcc8c51bec,97,204,97,204,sgen,spence,unsat,8b7e176f5d0744f72887f4dcc8c51bec,crafted_2014,instances/8b7e176f5d0744f72887f4dcc8c51bec.cnf
8d5cd0097c8dad1af607428d9e69ca75,97,204,97,204,sgen,spence,unsat,8d5cd0097c8dad1af607428d9e69ca75,crafted_2014,instances/8d5cd0097c8dad1af607428d9e69ca75.cnf
8ee37a01a9ac1dbebe27e63e7b088762,97,204,97,204,sgen,spence,unsat,8ee37a01a9ac1dbebe27e63e7b088762,main_2019,instances/8ee37a01a9ac1dbebe27e63e7b088762.cnf
e16d3b7ed666fd6ef1a4d72ea7179fee,97,204,97,204,sgen,spence,unsat,e16d3b7ed666fd6ef1a4d72ea7179fee,crafted_2014,instances/e16d3b7ed666fd6ef1a4d72ea7179fee.cnf
fe97aa41a12da89ed8a0cca6e1714e05,97,204,97,204,sgen,spence,unsat,fe97aa41a12da89ed8a0cca6e1714e05,crafted_2014,instances/fe97aa41a12da89ed8a0cca6e1714e05.cnf
db3be4cbdcf663dbd37f6fa58d4f6bce,97,444,97,444,genurq,ostrowski,sat,db3be4cbdcf663dbd37f6fa58d4f6bce,"anni_2022,handmade_2003",instances/db3be4cbdcf663dbd37f6fa58d4f6bce.cnf
6915befdb82711e06d88b5472586ab2f,98,171,98,171,theorem-proving,vangelder,unsat,6915befdb82711e06d88b5472586ab2f,"anni_2022,handmade_2002",instances/6915befdb82711e06d88b5472586ab2f.cnf
01d142c43f3ce9a8c5ef7a1ecdbb6cba,99,264,99,264,tseitin-formulas,chu-min-li,unsat,01d142c43f3ce9a8c5ef7a1ecdbb6cba,"anni_2022,crafted_2011,crafted_2012,handmade_2002,main_2022,portfolio_2012",instances/01d142c43f3ce9a8c5ef7a1ecdbb6cba.cnf
43e03166eb3d88aafec1397756b7924f,99,264,99,264,tseitin-formulas,chu-min-li,unknown,43e03166eb3d88aafec1397756b7924f,"handmade_2003,handmade_2004",instances/43e03166eb3d88aafec1397756b7924f.cnf
c12d5e3213fbe4071aa8a64618c67445,100,240,100,240,sgen,spence,sat,c12d5e3213fbe4071aa8a64618c67445,"anni_2022,crafted_2012",instances/c12d5e3213fbe4071aa8a64618c67445.cnf
d6fc8244dafa817cb8f8b100df8ae288,100,460,100,460,pigeon-hole,sabharwal,sat,d6fc8244dafa817cb8f8b100df8ae288,"anni_2022,crafted_2005",instances/d6fc8244dafa817cb8f8b100df8ae288.cnf
58e73745a4af8955a05855fb416bc1a7,100,550,100,550,battleship,skvortsov,unsat,58e73745a4af8955a05855fb416bc1a7,"anni_2022,crafted_2011,crafted_2012,portfolio_2012",instances/58e73745a4af8955a05855fb416bc1a7.cnf
3aff1ea452a55c0da08d8161f3834a7e,100,709,100,709,hgen,heule,sat,3aff1ea452a55c0da08d8161f3834a7e,random_2002,instances/3aff1ea452a55c0da08d8161f3834a7e.cnf
4175224bbf4acf6995ae9b8364ece291,100,709,100,709,hgen,heule,sat,4175224bbf4acf6995ae9b8364ece291,random_2002,instances/4175224bbf4acf6995ae9b8364ece291.cnf
4ddb8e06bd38e6675729bce742879464,100,709,100,709,hgen,heule,sat,4ddb8e06bd38e6675729bce742879464,random_2002,instances/4ddb8e06bd38e6675729bce742879464.cnf
a1f508b5004fdc5e954d204c55f7b6c6,100,709,100,709,hgen,heule,sat,a1f508b5004fdc5e954d204c55f7b6c6,random_2002,instances/a1f508b5004fdc5e954d204c55f7b6c6.cnf
c8376c67be6a19c61876fa3a32d8af84,100,709,100,709,hgen,heule,sat,c8376c67be6a19c61876fa3a32d8af84,random_2002,instances/c8376c67be6a19c61876fa3a32d8af84.cnf
da1c4b80744ff527a61cafd64d069897,100,910,100,910,pigeon-hole,sabharwal,sat,da1c4b80744ff527a61cafd64d069897,"anni_2022,crafted_2005",instances/da1c4b80744ff527a61cafd64d069897.cnf
03d8064f3be30daecf2ffe4c54361e61,101,212,101,212,sgen,spence,unsat,03d8064f3be30daecf2ffe4c54361e61,"anni_2022,crafted_2014",instances/03d8064f3be30daecf2ffe4c54361e61.cnf
347753168c141437d7f4ef14fd7f311a,101,212,101,212,sgen,spence,unsat,347753168c141437d7f4ef14fd7f311a,crafted_2014,instances/347753168c141437d7f4ef14fd7f311a.cnf
3ed60e144701d4de4824e60197a51ea7,101,212,101,212,sgen,spence,unsat,3ed60e144701d4de4824e60197a51ea7,crafted_2014,instances/3ed60e144701d4de4824e60197a51ea7.cnf
5de56ca1019a003d8ed648c227a0e56f,101,212,101,212,sgen,spence,unsat,5de56ca1019a003d8ed648c227a0e56f,crafted_2014,instances/5de56ca1019a003d8ed648c227a0e56f.cnf
64632b2b69ce0a89a4237221cb984b6e,101,212,101,212,sgen,spence,unsat,64632b2b69ce0a89a4237221cb984b6e,crafted_2014,instances/64632b2b69ce0a89a4237221cb984b6e.cnf
656c381257932a49b27f3a9391e993e0,101,212,101,212,sgen,spence,unsat,656c381257932a49b27f3a9391e993e0,crafted_2014,instances/656c381257932a49b27f3a9391e993e0.cnf
694a94506169e26319da5f7033f8d03e,101,212,101,212,sgen,spence,unsat,694a94506169e26319da5f7033f8d03e,crafted_2014,instances/694a94506169e26319da5f7033f8d03e.cnf
81cee668c1e52ebc1dac1fd9b18cf66e,101,212,101,212,sgen,spence,unsat,81cee668c1e52ebc1dac1fd9b18cf66e,crafted_2013,instances/81cee668c1e52ebc1dac1fd9b18cf66e.cnf
89d030452cd33127ef708b86917d4ec8,101,212,101,212,sgen,spence,unsat,89d030452cd33127ef708b86917d4ec8,crafted_2014,instances/89d030452cd33127ef708b86917d4ec8.cnf
cfc98ad68af6bb4fd5d9bddcf02dc304,101,212,101,212,sgen,spence,unsat,cfc98ad68af6bb4fd5d9bddcf02dc304,"anni_2022,crafted_2007,crafted_2012",instances/cfc98ad68af6bb4fd5d9bddcf02dc304.cnf
f61120141c84517156c757c089f236aa,101,212,101,212,sgen,spence,unsat,f61120141c84517156c757c089f236aa,crafted_2014,instances/f61120141c84517156c757c089f236aa.cnf
0d7f91b51774f9a28a5a86125f47676d,105,220,105,220,sgen,spence,unsat,0d7f91b51774f9a28a5a86125f47676d,"anni_2022,crafted_2007",instances/0d7f91b51774f9a28a5a86125f47676d.cnf
7489dc4e399a6792fd8840921359d6d8,105,220,105,220,sgen,spence,unsat,7489dc4e399a6792fd8840921359d6d8,crafted_2009,instances/7489dc4e399a6792fd8840921359d6d8.cnf
16b0810ba492f30a39fbd46ece608cf2,105,280,105,280,tseitin-formulas,jarvisalo,unsat,16b0810ba492f30a39fbd46ece608cf2,"anni_2022,crafted_2005",instances/16b0810ba492f30a39fbd46ece608cf2.cnf
1a976a03c78b6e7bbcb34e53baa6d021,105,280,105,280,tseitin-formulas,jarvisalo,unsat,1a976a03c78b6e7bbcb34e53baa6d021,crafted_2005,instances/1a976a03c78b6e7bbcb34e53baa6d021.cnf
36034f9a8d9339ab49e33b323f79cc07,105,280,105,280,tseitin-formulas,jarvisalo,unknown,36034f9a8d9339ab49e33b323f79cc07,crafted_2005,instances/36034f9a8d9339ab49e33b323f79cc07.cnf
3e220c3c75190bd3d48b7bdd0a9ba3fc,105,280,105,280,tseitin-formulas,jarvisalo,unknown,3e220c3c75190bd3d48b7bdd0a9ba3fc,crafted_2005,instances/3e220c3c75190bd3d48b7bdd0a9ba3fc.cnf
54a4b149e30047af7b53217198c1e898,105,280,105,280,tseitin-formulas,jarvisalo,unknown,54a4b149e30047af7b53217198c1e898,crafted_2005,instances/54a4b149e30047af7b53217198c1e898.cnf
596240446875d780d5f2946d76630351,105,280,105,280,tseitin-formulas,jarvisalo,unknown,596240446875d780d5f2946d76630351,crafted_2005,instances/596240446875d780d5f2946d76630351.cnf
07b476c83150d3cb7e08f5d045e255ab,105,512,105,512,tseitin-formulas,bevan,unsat,07b476c83150d3cb7e08f5d045e255ab,"anni_2022,handmade_2003,main_2024",instances/07b476c83150d3cb7e08f5d045e255ab.cnf
199eaa204dc8609b2537f0966566c3e1,106,282,106,282,xor-chain,zhang-lintao,unsat,199eaa204dc8609b2537f0966566c3e1,"anni_2022,handmade_2002",instances/199eaa204dc8609b2537f0966566c3e1.cnf
affed3d1f6340f16ddd6b833a2d1e59a,106,282,106,282,xor-chain,zhang-lintao,unsat,affed3d1f6340f16ddd6b833a2d1e59a,handmade_2003,instances/affed3d1f6340f16ddd6b833a2d1e59a.cnf
d45472012195467b08c53f9848ac42c7,106,282,106,282,xor-chain,zhang-lintao,unknown,d45472012195467b08c53f9848ac42c7,handmade_2002,instances/d45472012195467b08c53f9848ac42c7.cnf
9218d6273ed3439f7f829fe413946543,106,714,106,714,tseitin-formulas,chu-min-li,unsat,9218d6273ed3439f7f829fe413946543,"anni_2022,handmade_2003,handmade_2004",instances/9218d6273ed3439f7f829fe413946543.cnf
cd15439dba8ac2da779b11ee8172bb7e,106,714,106,714,tseitin-formulas,simon,unsat,cd15439dba8ac2da779b11ee8172bb7e,handmade_2002,instances/cd15439dba8ac2da779b11ee8172bb7e.cnf
5ca3fc99e8b422146c60def9091824ff,107,742,107,742,tseitin-formulas,chu-min-li,unsat,5ca3fc99e8b422146c60def9091824ff,"anni_2022,handmade_2003,handmade_2004",instances/5ca3fc99e8b422146c60def9091824ff.cnf
6139c59148530a5ab71954950abb98ff,107,742,107,742,tseitin-formulas,simon,unsat,6139c59148530a5ab71954950abb98ff,handmade_2002,instances/6139c59148530a5ab71954950abb98ff.cnf
03f25e67e52baf9fb1e782026d46c8a8,108,252,108,252,coloring,vangelder,unsat,03f25e67e52baf9fb1e782026d46c8a8,"anni_2022,handmade_2002",instances/03f25e67e52baf9fb1e782026d46c8a8.cnf
a9e528e396f42fd1de5aac050ef5b1dd,109,228,109,228,sgen,spence,unsat,a9e528e396f42fd1de5aac050ef5b1dd,"anni_2022,main_2019",instances/a9e528e396f42fd1de5aac050ef5b1dd.cnf
b0aa647211464a18951e4473237eed08,109,228,109,228,sgen,spence,unsat,b0aa647211464a18951e4473237eed08,crafted_2009,instances/b0aa647211464a18951e4473237eed08.cnf
d53ab9cc5604539d82a9f81594fd3447,109,228,109,228,sgen,spence,unsat,d53ab9cc5604539d82a9f81594fd3447,crafted_2007,instances/d53ab9cc5604539d82a9f81594fd3447.cnf
91eba6d10294887fa57557b590e655ae,110,561,110,561,pigeon-hole,unknown,unsat,91eba6d10294887fa57557b590e655ae,"anni_2022,crafted_2012,portfolio_2012",instances/91eba6d10294887fa57557b590e655ae.cnf
a8e399aa1f7f22067450eddaceec7689,113,236,113,236,sgen,spence,unsat,a8e399aa1f7f22067450eddaceec7689,"anni_2022,crafted_2007,crafted_2011",instances/a8e399aa1f7f22067450eddaceec7689.cnf
ff5170c690129f8c94658e82b6aab05c,114,888,114,888,tseitin-formulas,simon,unsat,ff5170c690129f8c94658e82b6aab05c,"anni_2022,handmade_2002,main_2023",instances/ff5170c690129f8c94658e82b6aab05c.cnf
35f94ec2c67ec6f831157b23b039121f,115,856,115,856,tseitin-formulas,simon,unsat,35f94ec2c67ec6f831157b23b039121f,"anni_2022,handmade_2002",instances/35f94ec2c67ec6f831157b23b039121f.cnf
5a3a1ff21d987a42f3500e5235019f8e,116,464,116,464,tseitin-formulas,jarvisalo,unsat,5a3a1ff21d987a42f3500e5235019f8e,"anni_2022,crafted_2005",instances/5a3a1ff21d987a42f3500e5235019f8e.cnf
effc7d67eecac3e73fcf90c543e6d813,116,464,116,464,tseitin-formulas,jarvisalo,unknown,effc7d67eecac3e73fcf90c543e6d813,crafted_2005,instances/effc7d67eecac3e73fcf90c543e6d813.cnf
fbcc8def5c36ac4ec398b295304325ab,116,464,116,464,tseitin-formulas,jarvisalo,unknown,fbcc8def5c36ac4ec398b295304325ab,crafted_2005,instances/fbcc8def5c36ac4ec398b295304325ab.cnf
40937c05ccf277ed8d2f6dd09ba28878,117,244,117,244,sgen,spence,unsat,40937c05ccf277ed8d2f6dd09ba28878,"anni_2022,crafted_2007",instances/40937c05ccf277ed8d2f6dd09ba28878.cnf
a14b9718d5072259d65bd96416767142,117,244,117,244,sgen,spence,unsat,a14b9718d5072259d65bd96416767142,crafted_2009,instances/a14b9718d5072259d65bd96416767142.cnf
2e587b60ddaab9f66380b045119e5086,118,314,118,314,xor-chain,zhang-lintao,unsat,2e587b60ddaab9f66380b045119e5086,"anni_2022,handmade_2003",instances/2e587b60ddaab9f66380b045119e5086.cnf
5b790545ddc358cc517cbab656823c86,118,314,118,314,xor-chain,zhang-lintao,unknown,5b790545ddc358cc517cbab656823c86,handmade_2002,instances/5b790545ddc358cc517cbab656823c86.cnf
9955badeaf0767ba430e3a928c71235b,118,314,118,314,xor-chain,zhang-lintao,unknown,9955badeaf0767ba430e3a928c71235b,handmade_2003,instances/9955badeaf0767ba430e3a928c71235b.cnf
a87f387d5ffd1e8830b064f620c9b0a9,118,314,118,314,xor-chain,zhang-lintao,unsat,a87f387d5ffd1e8830b064f620c9b0a9,"crafted_2011,crafted_2012,handmade_2002",instances/a87f387d5ffd1e8830b064f620c9b0a9.cnf
fbea753b116b100f95b24ddfea352629,118,314,118,314,xor-chain,zhang-lintao,unknown,fbea753b116b100f95b24ddfea352629,handmade_2003,instances/fbea753b116b100f95b24ddfea352629.cnf
0e34ad190b2ab46f219aab4bc8c1600e,120,193,119,193,hgen,heule,unsat,0e34ad190b2ab46f219aab4bc8c1600e,random_2003,instances/0e34ad190b2ab46f219aab4bc8c1600e.cnf
7e8b079e8b33a84b4c309486a706bb27,119,980,119,980,tseitin-formulas,simon,unsat,7e8b079e8b33a84b4c309486a706bb27,"anni_2022,handmade_2002",instances/7e8b079e8b33a84b4c309486a706bb27.cnf
5bf877536d1fa7e57c589cdd16e42fac,120,193,120,193,hgen,heule,unsat,5bf877536d1fa7e57c589cdd16e42fac,random_2003,instances/5bf877536d1fa7e57c589cdd16e42fac.cnf
9e240bc5ea384a967cf2f48c099f2b9b,120,197,120,197,hgen,heule,unsat,9e240bc5ea384a967cf2f48c099f2b9b,random_2003,instances/9e240bc5ea384a967cf2f48c099f2b9b.cnf
c31f64e36934747378efbea57f27b8ef,120,288,120,288,sgen,spence,sat,c31f64e36934747378efbea57f27b8ef,"anni_2022,crafted_2012,portfolio_2012",instances/c31f64e36934747378efbea57f27b8ef.cnf
ecaff0888c6df80cd6a17641e4a33276,120,288,120,288,sgen,spence,sat,ecaff0888c6df80cd6a17641e4a33276,"crafted_2011,crafted_2012",instances/ecaff0888c6df80cd6a17641e4a33276.cnf
a5455ab7672d15421165b71313b4e6f5,120,320,120,320,tseitin-formulas,jarvisalo,unsat,a5455ab7672d15421165b71313b4e6f5,"anni_2022,crafted_2005",instances/a5455ab7672d15421165b71313b4e6f5.cnf
b8a7c310f36a2aed7158ab37563f683a,120,320,120,320,tseitin-formulas,jarvisalo,unknown,b8a7c310f36a2aed7158ab37563f683a,crafted_2005,instances/b8a7c310f36a2aed7158ab37563f683a.cnf
deb540a5c799d5115e8480207f9f2aeb,120,320,120,320,tseitin-formulas,jarvisalo,unknown,deb540a5c799d5115e8480207f9f2aeb,crafted_2005,instances/deb540a5c799d5115e8480207f9f2aeb.cnf
2fb0bf7025799782ba3c5306e5115345,120,480,120,480,tseitin-formulas,jarvisalo,unsat,2fb0bf7025799782ba3c5306e5115345,"anni_2022,crafted_2005",instances/2fb0bf7025799782ba3c5306e5115345.cnf
9c05049a93e16ba4bffbcfa8dd346a95,120,480,120,480,tseitin-formulas,jarvisalo,unsat,9c05049a93e16ba4bffbcfa8dd346a95,crafted_2005,instances/9c05049a93e16ba4bffbcfa8dd346a95.cnf
c0c1bac2d78f11bc57d5ae42709e7bda,120,480,120,480,tseitin-formulas,jarvisalo,unsat,c0c1bac2d78f11bc57d5ae42709e7bda,crafted_2005,instances/c0c1bac2d78f11bc57d5ae42709e7bda.cnf
d35caf50ac810de6ae2693995894a629,120,484,120,484,battleship,skvortsov,sat,d35caf50ac810de6ae2693995894a629,"anni_2022,crafted_2011",instances/d35caf50ac810de6ae2693995894a629.cnf
010c9d7a6e9e6cac63f110915d9dd56e,120,516,120,516,coloring,pehoushek,unsat,010c9d7a6e9e6cac63f110915d9dd56e,"anni_2022,handmade_2002",instances/010c9d7a6e9e6cac63f110915d9dd56e.cnf
282495d34c2e00f29ba8bf809eb48f71,120,516,120,516,coloring,pehoushek,unsat,282495d34c2e00f29ba8bf809eb48f71,handmade_2002,instances/282495d34c2e00f29ba8bf809eb48f71.cnf
481a8926144c42398718048e16bcdb65,120,516,120,516,coloring,pehoushek,unsat,481a8926144c42398718048e16bcdb65,handmade_2002,instances/481a8926144c42398718048e16bcdb65.cnf
572243828b5ebcdd143fca8cbd439e01,120,516,120,516,coloring,pehoushek,unsat,572243828b5ebcdd143fca8cbd439e01,handmade_2002,instances/572243828b5ebcdd143fca8cbd439e01.cnf
5d95517d50dea8e83433d48fd420b9fb,120,516,120,516,coloring,pehoushek,unsat,5d95517d50dea8e83433d48fd420b9fb,handmade_2002,instances/5d95517d50dea8e83433d48fd420b9fb.cnf
710253dbed198f5bfa0cc1d95ebe29f1,120,516,120,516,coloring,pehoushek,unsat,710253dbed198f5bfa0cc1d95ebe29f1,handmade_2002,instances/710253dbed198f5bfa0cc1d95ebe29f1.cnf
7521a3243da2e1d51bc0c3be88730d82,120,516,120,516,coloring,pehoushek,unsat,7521a3243da2e1d51bc0c3be88730d82,handmade_2002,instances/7521a3243da2e1d51bc0c3be88730d82.cnf
777a5bc51e9f3c1bff071dbc8dca42aa,120,516,120,516,coloring,pehoushek,unsat,777a5bc51e9f3c1bff071dbc8dca42aa,handmade_2002,instances/777a5bc51e9f3c1bff071dbc8dca42aa.cnf
eb60b3bcadba3d85154b18ad80645a2d,120,516,120,516,coloring,pehoushek,unsat,eb60b3bcadba3d85154b18ad80645a2d,handmade_2002,instances/eb60b3bcadba3d85154b18ad80645a2d.cnf
fa9319ae10ba56ee48cceb1da1b4f58e,120,516,120,516,coloring,pehoushek,unsat,fa9319ae10ba56ee48cceb1da1b4f58e,handmade_2002,instances/fa9319ae10ba56ee48cceb1da1b4f58e.cnf
4cbb2f9e2f4572c5a3dc93f7545bc4fb,120,672,120,672,pigeon-hole,unknown,unsat,4cbb2f9e2f4572c5a3dc93f7545bc4fb,"anni_2022,crafted_2005",instances/4cbb2f9e2f4572c5a3dc93f7545bc4fb.cnf
c767cccc67510468759499bcd2274047,120,672,120,672,pigeon-hole,sabharwal,unsat,c767cccc67510468759499bcd2274047,"crafted_2007,crafted_2009,crafted_2012",instances/c767cccc67510468759499bcd2274047.cnf
2b60f9be1439f63b7f174c6b8ca7fedf,121,252,121,252,sgen,spence,unsat,2b60f9be1439f63b7f174c6b8ca7fedf,"anni_2022,crafted_2009,main_2024",instances/2b60f9be1439f63b7f174c6b8ca7fedf.cnf
414ac37dbc56099aa8e5d93f27e180ce,121,252,121,252,sgen,spence,unsat,414ac37dbc56099aa8e5d93f27e180ce,crafted_2011,instances/414ac37dbc56099aa8e5d93f27e180ce.cnf
23d7a7af88d26be6fcbe7e139271bdc0,121,726,121,726,battleship,skvortsov,unsat,23d7a7af88d26be6fcbe7e139271bdc0,"anni_2022,crafted_2011,crafted_2012",instances/23d7a7af88d26be6fcbe7e139271bdc0.cnf
2d6d26e1c5b4f2763c03697a6d00d3cf,125,510,125,510,subset-cardinality,elffers,unsat,2d6d26e1c5b4f2763c03697a6d00d3cf,"anni_2022,crafted_2016,main_2024",instances/2d6d26e1c5b4f2763c03697a6d00d3cf.cnf
331f18bb821e18e28dd4966386c1b3f4,125,887,125,887,hgen,heule,sat,331f18bb821e18e28dd4966386c1b3f4,random_2002,instances/331f18bb821e18e28dd4966386c1b3f4.cnf
56f1c62f109ed0f853e2dc04d2d46d2e,125,887,125,887,hgen,heule,sat,56f1c62f109ed0f853e2dc04d2d46d2e,random_2002,instances/56f1c62f109ed0f853e2dc04d2d46d2e.cnf
8be517bb0da13f6e7649e0e12b162236,125,887,125,887,hgen,heule,sat,8be517bb0da13f6e7649e0e12b162236,random_2002,instances/8be517bb0da13f6e7649e0e12b162236.cnf
d7dc02bc13724a00aefe0f946ad31a44,125,887,125,887,hgen,heule,sat,d7dc02bc13724a00aefe0f946ad31a44,random_2002,instances/d7dc02bc13724a00aefe0f946ad31a44.cnf
f0a8b47f0626ad7b166a5fa4c2fdd4fd,125,887,125,887,hgen,heule,sat,f0a8b47f0626ad7b166a5fa4c2fdd4fd,random_2002,instances/f0a8b47f0626ad7b166a5fa4c2fdd4fd.cnf
a61f47868b9f71881fd92ac83bf4e105,128,489,128,489,planning,maris,sat,a61f47868b9f71881fd92ac83bf4e105,"anni_2022,industrial_2005",instances/a61f47868b9f71881fd92ac83bf4e105.cnf
de9bd34a5878463915cd46541d047461,128,489,128,489,planning,maris,sat,de9bd34a5878463915cd46541d047461,industrial_2005,instances/de9bd34a5878463915cd46541d047461.cnf
d24e98d3e8f9ce352e81ffc56962eeba,128,493,128,493,planning,maris,sat,d24e98d3e8f9ce352e81ffc56962eeba,"anni_2022,industrial_2005",instances/d24e98d3e8f9ce352e81ffc56962eeba.cnf
f11bc18eee7bc8d4150ff0c8e5da8de3,128,493,128,493,planning,maris,sat,f11bc18eee7bc8d4150ff0c8e5da8de3,industrial_2005,instances/f11bc18eee7bc8d4150ff0c8e5da8de3.cnf
5aacd7fd4850b3712de14275906f1e29,128,896,128,896,mosoi-289,mosoi,sat,5aacd7fd4850b3712de14275906f1e29,"anni_2022,crafted_2011",instances/5aacd7fd4850b3712de14275906f1e29.cnf
b0da15e2ce92b55bed01e5d776da942a,129,268,129,268,sgen,spence,unsat,b0da15e2ce92b55bed01e5d776da942a,"anni_2022,crafted_2009",instances/b0da15e2ce92b55bed01e5d776da942a.cnf
52f0758b80219735043645a58651e0d3,129,526,129,526,subset-cardinality,elffers,unsat,52f0758b80219735043645a58651e0d3,"anni_2022,crafted_2016",instances/52f0758b80219735043645a58651e0d3.cnf
7ca897acf9e18dee55f60a3867fd07d4,130,346,130,346,xor-chain,zhang-lintao,unsat,7ca897acf9e18dee55f60a3867fd07d4,"anni_2022,handmade_2003",instances/7ca897acf9e18dee55f60a3867fd07d4.cnf
b6e4cbdc235c7948f8e281f3ecb96dac,130,346,130,346,xor-chain,zhang-lintao,unknown,b6e4cbdc235c7948f8e281f3ecb96dac,handmade_2002,instances/b6e4cbdc235c7948f8e281f3ecb96dac.cnf
b998b89d361c56de887aa62e0b1ac175,130,346,130,346,xor-chain,zhang-lintao,unknown,b998b89d361c56de887aa62e0b1ac175,handmade_2002,instances/b998b89d361c56de887aa62e0b1ac175.cnf
bf3d605af41d59da95524681518c1089,130,346,130,346,xor-chain,zhang-lintao,unknown,bf3d605af41d59da95524681518c1089,handmade_2003,instances/bf3d605af41d59da95524681518c1089.cnf
c47858e0ef8d26973dbf1a244325bf75,130,346,130,346,xor-chain,zhang-lintao,unknown,c47858e0ef8d26973dbf1a244325bf75,handmade_2003,instances/c47858e0ef8d26973dbf1a244325bf75.cnf
4a52b64c8e51d22844c1b40a140225fa,130,370,130,370,miter,biere,unsat,4a52b64c8e51d22844c1b40a140225fa,"anni_2022,industrial_2002",instances/4a52b64c8e51d22844c1b40a140225fa.cnf
53742d5ab42c7dcc531c21faceb25cea,132,738,132,738,pigeon-hole,unknown,unsat,53742d5ab42c7dcc531c21faceb25cea,"anni_2022,crafted_2005",instances/53742d5ab42c7dcc531c21faceb25cea.cnf
691f78a1bd57d79a37c654e538413d2b,132,738,132,738,pigeon-hole,unknown,unsat,691f78a1bd57d79a37c654e538413d2b,"crafted_2012,portfolio_2012",instances/691f78a1bd57d79a37c654e538413d2b.cnf
7f2eb9242206af0f3729f70cfca181fd,133,276,133,276,sgen,spence,unsat,7f2eb9242206af0f3729f70cfca181fd,"anni_2022,crafted_2011",instances/7f2eb9242206af0f3729f70cfca181fd.cnf
8f7ae5a737fdc0bbf1d48aaf3159f8fd,133,276,133,276,sgen,spence,unsat,8f7ae5a737fdc0bbf1d48aaf3159f8fd,"anni_2022,crafted_2009",instances/8f7ae5a737fdc0bbf1d48aaf3159f8fd.cnf
3c7895272d4123b866a3edb5a1f970c3,133,542,133,542,subset-cardinality,elffers,unsat,3c7895272d4123b866a3edb5a1f970c3,"anni_2022,crafted_2016",instances/3c7895272d4123b866a3edb5a1f970c3.cnf
ff363c5fb3ead7656452b8d90ff56acb,134,376,134,376,dining-philosophers,unknown,unsat,ff363c5fb3ead7656452b8d90ff56acb,mus_2011,instances/ff363c5fb3ead7656452b8d90ff56acb.cnf
0a6722970ab81da486ca8c79b85f6c59,134,630,134,630,miter,stanion,unsat,0a6722970ab81da486ca8c79b85f6c59,"anni_2022,handmade_2003",instances/0a6722970ab81da486ca8c79b85f6c59.cnf
5156e5983365d1c3e4c10be1ab9404e8,134,630,134,630,miter,stanion,unsat,5156e5983365d1c3e4c10be1ab9404e8,"anni_2022,handmade_2003",instances/5156e5983365d1c3e4c10be1ab9404e8.cnf
a0b76f95482dd0f2d575b8859c7bc549,134,630,134,630,miter,stanion,unsat,a0b76f95482dd0f2d575b8859c7bc549,"anni_2022,handmade_2003",instances/a0b76f95482dd0f2d575b8859c7bc549.cnf
5077bbe914a63da146d2f88652938e56,135,360,135,360,tseitin-formulas,jarvisalo,unsat,5077bbe914a63da146d2f88652938e56,"anni_2022,crafted_2005",instances/5077bbe914a63da146d2f88652938e56.cnf
7acebc45f48d2bf98a3025ca1b52ba65,135,360,135,360,tseitin-formulas,jarvisalo,unknown,7acebc45f48d2bf98a3025ca1b52ba65,crafted_2005,instances/7acebc45f48d2bf98a3025ca1b52ba65.cnf
eb309e8c818b1288540729e3c0e08b74,135,360,135,360,tseitin-formulas,jarvisalo,unknown,eb309e8c818b1288540729e3c0e08b74,crafted_2005,instances/eb309e8c818b1288540729e3c0e08b74.cnf
e9d3a00b12d744f582fe2159e74b1389,135,672,135,672,long-learned-clauses,markstrom,unknown,e9d3a00b12d744f582fe2159e74b1389,"anni_2022,crafted_2005,crafted_2011,crafted_2012,crafted_2013,portfolio_2012",instances/e9d3a00b12d744f582fe2159e74b1389.cnf
dd13d3c1ff64d2149723f8200ca49e16,137,558,137,558,subset-cardinality,elffers,unsat,dd13d3c1ff64d2149723f8200ca49e16,"anni_2022,crafted_2016",instances/dd13d3c1ff64d2149723f8200ca49e16.cnf
da842d9bdb3696fb5023d8a5d8ae4cd0,140,335,140,335,sgen,spence,sat,da842d9bdb3696fb5023d8a5d8ae4cd0,"crafted_2009,crafted_2012,crafted_2013",instances/da842d9bdb3696fb5023d8a5d8ae4cd0.cnf
7e3617b2007c1a6d15095840cf96ddd5,140,336,140,336,sgen,spence,unsat,7e3617b2007c1a6d15095840cf96ddd5,"anni_2022,crafted_2014",instances/7e3617b2007c1a6d15095840cf96ddd5.cnf
c28baed7605b97ac39bbcbc9cca876f2,140,336,140,336,sgen,spence,sat,c28baed7605b97ac39bbcbc9cca876f2,"crafted_2011,crafted_2012,crafted_2013,portfolio_2012",instances/c28baed7605b97ac39bbcbc9cca876f2.cnf
fec34da1be62ccac3d6ad60a513ce675,140,559,140,559,tseitin-formulas,jarvisalo,sat,fec34da1be62ccac3d6ad60a513ce675,"crafted_2007,crafted_2009,crafted_2012",instances/fec34da1be62ccac3d6ad60a513ce675.cnf
07f5f3ca046261c3819c5c888ac837e5,140,560,140,560,tseitin-formulas,jarvisalo,unsat,07f5f3ca046261c3819c5c888ac837e5,"anni_2022,crafted_2005",instances/07f5f3ca046261c3819c5c888ac837e5.cnf
0b8474efd7a2611adc90c2d1504a5a94,140,560,140,560,tseitin-formulas,jarvisalo,unknown,0b8474efd7a2611adc90c2d1504a5a94,crafted_2005,instances/0b8474efd7a2611adc90c2d1504a5a94.cnf
0d3b2660155c61516a3af4badabdeeab,140,560,140,560,tseitin-formulas,jarvisalo,unsat,0d3b2660155c61516a3af4badabdeeab,main_2019,instances/0d3b2660155c61516a3af4badabdeeab.cnf
1df683593e4914d3e762753406d5b4c5,140,560,140,560,tseitin-formulas,jarvisalo,unknown,1df683593e4914d3e762753406d5b4c5,crafted_2005,instances/1df683593e4914d3e762753406d5b4c5.cnf
837bebeb984d40f4932730f2ac5ece40,140,560,140,560,tseitin-formulas,jarvisalo,unsat,837bebeb984d40f4932730f2ac5ece40,crafted_2005,instances/837bebeb984d40f4932730f2ac5ece40.cnf
96b4edac9846b90fc2757052e0629f26,140,560,140,560,tseitin-formulas,jarvisalo,unknown,96b4edac9846b90fc2757052e0629f26,crafted_2005,instances/96b4edac9846b90fc2757052e0629f26.cnf
9e43f8cb2154b642a125471161c60282,140,560,140,560,tseitin-formulas,jarvisalo,unsat,9e43f8cb2154b642a125471161c60282,main_2019,instances/9e43f8cb2154b642a125471161c60282.cnf
d8bcd17a231453a867717f88be295419,140,560,140,560,tseitin-formulas,jarvisalo,unsat,d8bcd17a231453a867717f88be295419,"crafted_2007,crafted_2012,portfolio_2012",instances/d8bcd17a231453a867717f88be295419.cnf
f4000d6f02fb6184810ce4c4e929bb61,140,560,140,560,tseitin-formulas,jarvisalo,unsat,f4000d6f02fb6184810ce4c4e929bb61,crafted_2005,instances/f4000d6f02fb6184810ce4c4e929bb61.cnf
b7ca003c288436220bceec5e87b7251f,141,292,141,292,sgen,spence,unknown,b7ca003c288436220bceec5e87b7251f,crafted_2011,instances/b7ca003c288436220bceec5e87b7251f.cnf
ef901de4fdfe01598c33b37ac4e935c9,141,292,141,292,sgen,spence,unsat,ef901de4fdfe01598c33b37ac4e935c9,"anni_2022,crafted_2009",instances/ef901de4fdfe01598c33b37ac4e935c9.cnf
e273e0bf8ff1fa2a797b41f9a5f4beb5,141,574,141,574,subset-cardinality,elffers,unsat,e273e0bf8ff1fa2a797b41f9a5f4beb5,"anni_2022,crafted_2016",instances/e273e0bf8ff1fa2a797b41f9a5f4beb5.cnf
278b9675cbaff7baeeb3e519746eec8d,142,378,142,378,xor-chain,zhang-lintao,unsat,278b9675cbaff7baeeb3e519746eec8d,"anni_2022,handmade_2003",instances/278b9675cbaff7baeeb3e519746eec8d.cnf
7584bc55dbaae2de31941f555548aab5,142,378,142,378,xor-chain,zhang-lintao,unknown,7584bc55dbaae2de31941f555548aab5,handmade_2002,instances/7584bc55dbaae2de31941f555548aab5.cnf
9a3ea4f896180e6f43dbfd2c8beb11ed,142,378,142,378,xor-chain,zhang-lintao,unknown,9a3ea4f896180e6f43dbfd2c8beb11ed,handmade_2002,instances/9a3ea4f896180e6f43dbfd2c8beb11ed.cnf
b365e025ccf95ec129724ba8cb6aef27,142,378,142,378,xor-chain,zhang-lintao,unknown,b365e025ccf95ec129724ba8cb6aef27,handmade_2003,instances/b365e025ccf95ec129724ba8cb6aef27.cnf
c0a64bf7ffaec87cad2060938ecbf377,142,378,142,378,xor-chain,zhang-lintao,unknown,c0a64bf7ffaec87cad2060938ecbf377,handmade_2003,instances/c0a64bf7ffaec87cad2060938ecbf377.cnf
d94cfe712031abae0fc94e4310b319df,144,336,144,336,coloring,vangelder,unsat,d94cfe712031abae0fc94e4310b319df,"anni_2022,handmade_2002",instances/d94cfe712031abae0fc94e4310b319df.cnf
77b18f227ee94d32a489a552abd8ee6b,144,560,144,560,fpga-routing,aloul,sat,77b18f227ee94d32a489a552abd8ee6b,"anni_2022,industrial_2002",instances/77b18f227ee94d32a489a552abd8ee6b.cnf
a24ce4beb8c7dd7e5453e2a0456af8ee,144,688,144,688,miter,stanion,unsat,a24ce4beb8c7dd7e5453e2a0456af8ee,"anni_2022,handmade_2003",instances/a24ce4beb8c7dd7e5453e2a0456af8ee.cnf
b5dc71d1dec6eb8559e7246dbf49fa08,144,688,144,688,miter,stanion,unsat,b5dc71d1dec6eb8559e7246dbf49fa08,handmade_2003,instances/b5dc71d1dec6eb8559e7246dbf49fa08.cnf
ee59f6644f9629b6a12ef83f2c867911,144,688,144,688,miter,stanion,unsat,ee59f6644f9629b6a12ef83f2c867911,handmade_2003,instances/ee59f6644f9629b6a12ef83f2c867911.cnf
68eb522c6e1666736ff302a943cf722d,144,804,144,804,pigeon-hole,sabharwal,sat,68eb522c6e1666736ff302a943cf722d,"anni_2022,crafted_2005",instances/68eb522c6e1666736ff302a943cf722d.cnf
90fda6e7338d52aeb796636fde412daf,144,936,144,936,battleship,skvortsov,unsat,90fda6e7338d52aeb796636fde412daf,"anni_2022,crafted_2011,crafted_2012,main_2021",instances/90fda6e7338d52aeb796636fde412daf.cnf
8a8b184febd79c2c864b653cfb396a30,145,300,145,300,sgen,spence,unsat,8a8b184febd79c2c864b653cfb396a30,"anni_2022,crafted_2009",instances/8a8b184febd79c2c864b653cfb396a30.cnf
55148deb944978e35b4a432e20ec4ccb,145,590,145,590,subset-cardinality,elffers,unsat,55148deb944978e35b4a432e20ec4ccb,"anni_2022,crafted_2016",instances/55148deb944978e35b4a432e20ec4ccb.cnf
b628043a07c5576dd6cd21c9d73a69e0,149,606,149,606,subset-cardinality,elffers,unsat,b628043a07c5576dd6cd21c9d73a69e0,"anni_2022,crafted_2016,main_2025",instances/b628043a07c5576dd6cd21c9d73a69e0.cnf
2efb9075d56838fdcfb9e3bbd7634420,149,738,149,738,genurq,ostrowski,sat,2efb9075d56838fdcfb9e3bbd7634420,"anni_2022,handmade_2003",instances/2efb9075d56838fdcfb9e3bbd7634420.cnf
5a5fb82a3672ee898465aa8f1103147f,150,153,150,153,cover,gacek,unsat,5a5fb82a3672ee898465aa8f1103147f,"anni_2022,main_2020",instances/5a5fb82a3672ee898465aa8f1103147f.cnf
144799298ab4d0bb0506753fc4783b76,150,400,150,400,tseitin-formulas,jarvisalo,unsat,144799298ab4d0bb0506753fc4783b76,"anni_2022,crafted_2005",instances/144799298ab4d0bb0506753fc4783b76.cnf
2cff9418069a5ecdec821b6595a408de,150,400,150,400,tseitin-formulas,jarvisalo,unknown,2cff9418069a5ecdec821b6595a408de,crafted_2005,instances/2cff9418069a5ecdec821b6595a408de.cnf
946394f56829411ebe404c75e498fd36,150,400,150,400,tseitin-formulas,jarvisalo,unknown,946394f56829411ebe404c75e498fd36,crafted_2005,instances/946394f56829411ebe404c75e498fd36.cnf
69b4f3e5329c1d1460a2237d96e3e705,153,316,153,316,sgen,spence,unsat,69b4f3e5329c1d1460a2237d96e3e705,"anni_2022,crafted_2009",instances/69b4f3e5329c1d1460a2237d96e3e705.cnf
9603221bb41022050c8815e01cbfd0eb,153,316,153,316,sgen,spence,unsat,9603221bb41022050c8815e01cbfd0eb,crafted_2011,instances/9603221bb41022050c8815e01cbfd0eb.cnf
1331ea24e3f745eb350b712a3f341c7a,153,408,153,408,tseitin-formulas,chu-min-li,unknown,1331ea24e3f745eb350b712a3f341c7a,handmade_2002,instances/1331ea24e3f745eb350b712a3f341c7a.cnf
6cf6cd0a2880a940056886672270cd8b,153,408,153,408,tseitin-formulas,chu-min-li,unsat,6cf6cd0a2880a940056886672270cd8b,"anni_2022,handmade_2003,handmade_2004",instances/6cf6cd0a2880a940056886672270cd8b.cnf
8bcf7a159f222efa1ae718bd2a0e4897,153,693,153,693,battleship,skvortsov,sat,8bcf7a159f222efa1ae718bd2a0e4897,"anni_2022,crafted_2011",instances/8bcf7a159f222efa1ae718bd2a0e4897.cnf
d489e4de57680945d6c212fc5a4c5436,156,800,156,800,tseitin-formulas,bevan,unsat,d489e4de57680945d6c212fc5a4c5436,"anni_2022,handmade_2003",instances/d489e4de57680945d6c212fc5a4c5436.cnf
3aef3d8d02941ba7ddb18adc128259ae,156,937,156,937,pigeon-hole,reeves,unsat,3aef3d8d02941ba7ddb18adc128259ae,"anni_2022,main_2021",instances/3aef3d8d02941ba7ddb18adc128259ae.cnf
cb907723735deac3c664753c4be24c77,156,948,156,948,pigeon-hole,unknown,sat,cb907723735deac3c664753c4be24c77,crafted_2013,instances/cb907723735deac3c664753c4be24c77.cnf
49f4b5d61b27f71400b89c2693926fcd,157,638,157,638,subset-cardinality,elffers,unsat,49f4b5d61b27f71400b89c2693926fcd,"anni_2022,crafted_2016",instances/49f4b5d61b27f71400b89c2693926fcd.cnf
6b25002cab729db26fb2ee71ceed2efd,160,384,160,384,sgen,spence,unsat,6b25002cab729db26fb2ee71ceed2efd,"anni_2022,crafted_2014",instances/6b25002cab729db26fb2ee71ceed2efd.cnf
d0d1289b63159af0e27c15cc2235c274,160,384,160,384,sgen,spence,sat,d0d1289b63159af0e27c15cc2235c274,"crafted_2011,crafted_2012",instances/d0d1289b63159af0e27c15cc2235c274.cnf
e234484c7f5f02ca99e898301ec32f31,160,384,160,384,sgen,spence,sat,e234484c7f5f02ca99e898301ec32f31,"crafted_2012,crafted_2014",instances/e234484c7f5f02ca99e898301ec32f31.cnf
f9abcc53e363e33bd31203b341dfc73c,160,384,160,384,sgen,spence,sat,f9abcc53e363e33bd31203b341dfc73c,"crafted_2009,crafted_2012",instances/f9abcc53e363e33bd31203b341dfc73c.cnf
073c28dfd3204f4c51e03c297ac841c1,160,640,160,640,tseitin-formulas,jarvisalo,unsat,073c28dfd3204f4c51e03c297ac841c1,"anni_2022,crafted_2005",instances/073c28dfd3204f4c51e03c297ac841c1.cnf
15dd34d2688e86cf9490588908069040,160,640,160,640,tseitin-formulas,jarvisalo,unsat,15dd34d2688e86cf9490588908069040,"crafted_2007,crafted_2009,crafted_2012",instances/15dd34d2688e86cf9490588908069040.cnf
7b15dcbf004018816086944c226b3a62,160,640,160,640,tseitin-formulas,jarvisalo,unknown,7b15dcbf004018816086944c226b3a62,crafted_2005,instances/7b15dcbf004018816086944c226b3a62.cnf
a56ab2201cdd0da822712a35fb75843f,160,640,160,640,tseitin-formulas,jarvisalo,unknown,a56ab2201cdd0da822712a35fb75843f,crafted_2005,instances/a56ab2201cdd0da822712a35fb75843f.cnf
11ba9953b9ae8475f05de36bfd6ec21f,160,686,160,686,coloring,pehoushek,sat,11ba9953b9ae8475f05de36bfd6ec21f,"anni_2022,handmade_2002",instances/11ba9953b9ae8475f05de36bfd6ec21f.cnf
2b8b0161c772b1470b0a754b8c93ccc0,160,686,160,686,coloring,pehoushek,sat,2b8b0161c772b1470b0a754b8c93ccc0,handmade_2002,instances/2b8b0161c772b1470b0a754b8c93ccc0.cnf
8188f17216adc523f5f5c46770c9b923,160,686,160,686,coloring,pehoushek,sat,8188f17216adc523f5f5c46770c9b923,handmade_2002,instances/8188f17216adc523f5f5c46770c9b923.cnf
a50f47f4f7b94f8291e2a9027bb77bc1,160,686,160,686,coloring,pehoushek,sat,a50f47f4f7b94f8291e2a9027bb77bc1,handmade_2002,instances/a50f47f4f7b94f8291e2a9027bb77bc1.cnf
b94b22c47464dd91afb00167a39c6624,160,686,160,686,coloring,pehoushek,sat,b94b22c47464dd91afb00167a39c6624,handmade_2002,instances/b94b22c47464dd91afb00167a39c6624.cnf
c12257477959bf4c4ff8f4c56ab06ed5,160,686,160,686,coloring,pehoushek,sat,c12257477959bf4c4ff8f4c56ab06ed5,handmade_2002,instances/c12257477959bf4c4ff8f4c56ab06ed5.cnf
c67c094b3675dd538b3bc0afb68a2d3b,160,686,160,686,coloring,pehoushek,sat,c67c094b3675dd538b3bc0afb68a2d3b,handmade_2002,instances/c67c094b3675dd538b3bc0afb68a2d3b.cnf
cf90ff0a22cc1844550e43fea9a1d49d,160,686,160,686,coloring,pehoushek,sat,cf90ff0a22cc1844550e43fea9a1d49d,handmade_2002,instances/cf90ff0a22cc1844550e43fea9a1d49d.cnf
f02fadf5506089edc95d31c7b3d94c26,160,686,160,686,coloring,pehoushek,sat,f02fadf5506089edc95d31c7b3d94c26,handmade_2002,instances/f02fadf5506089edc95d31c7b3d94c26.cnf
fffe10a348f26d61fc193d13b2f8d789,160,686,160,686,coloring,pehoushek,sat,fffe10a348f26d61fc193d13b2f8d789,handmade_2002,instances/fffe10a348f26d61fc193d13b2f8d789.cnf
9ebc0c41ca8b23d18cb4dfc1f5efc7ec,161,332,161,332,sgen,spence,unsat,9ebc0c41ca8b23d18cb4dfc1f5efc7ec,"anni_2022,crafted_2011",instances/9ebc0c41ca8b23d18cb4dfc1f5efc7ec.cnf
41486ea32ba4f776817167cccac4657f,161,496,161,496,planning,maris,sat,41486ea32ba4f776817167cccac4657f,"anni_2022,industrial_2005",instances/41486ea32ba4f776817167cccac4657f.cnf
e49c4ddca033e9ef17a4491404c26de2,161,496,161,496,planning,maris,sat,e49c4ddca033e9ef17a4491404c26de2,industrial_2005,instances/e49c4ddca033e9ef17a4491404c26de2.cnf
f70cade238a34edab854f2c5cac881ea,161,654,161,654,subset-cardinality,elffers,unsat,f70cade238a34edab854f2c5cac881ea,"anni_2022,crafted_2016",instances/f70cade238a34edab854f2c5cac881ea.cnf
a32fc5ecaed1ee8c047b06432cd0e7b5,161,801,161,801,long-learned-clauses,unknown,sat,a32fc5ecaed1ee8c047b06432cd0e7b5,crafted_2005,instances/a32fc5ecaed1ee8c047b06432cd0e7b5.cnf
250e49fc3bc150bac9f5bc50f5ef09b7,161,802,161,802,long-learned-clauses,markstrom,unknown,250e49fc3bc150bac9f5bc50f5ef09b7,"anni_2022,crafted_2007,crafted_2009,crafted_2012,crafted_2013,portfolio_2012",instances/250e49fc3bc150bac9f5bc50f5ef09b7.cnf
32d0cc6432166c097aa5e41628129784,162,684,162,684,fpga-routing,aloul,sat,32d0cc6432166c097aa5e41628129784,"anni_2022,industrial_2002",instances/32d0cc6432166c097aa5e41628129784.cnf
00d239e486137a4f7264adb4fb57d5ae,162,774,162,774,miter,stanion,unsat,00d239e486137a4f7264adb4fb57d5ae,"anni_2022,handmade_2003",instances/00d239e486137a4f7264adb4fb57d5ae.cnf
c6e03256680b96b52e3345a497333c2b,162,774,162,774,miter,stanion,unsat,c6e03256680b96b52e3345a497333c2b,"anni_2022,handmade_2003,main_2024",instances/c6e03256680b96b52e3345a497333c2b.cnf
d11da1e98d9c42a5718d9832f2335dd3,162,774,162,774,miter,stanion,unsat,d11da1e98d9c42a5718d9832f2335dd3,"anni_2022,handmade_2003",instances/d11da1e98d9c42a5718d9832f2335dd3.cnf
1ba98bb55acf6b42e5ddf03d48ee73ef,166,442,166,442,xor-chain,zhang-lintao,unsat,1ba98bb55acf6b42e5ddf03d48ee73ef,"anni_2022,handmade_2002",instances/1ba98bb55acf6b42e5ddf03d48ee73ef.cnf
413230f1c0c19562e61d53d7876708f4,166,442,166,442,xor-chain,zhang-lintao,unknown,413230f1c0c19562e61d53d7876708f4,handmade_2003,instances/413230f1c0c19562e61d53d7876708f4.cnf
4a029ded0c7a0e9e98905382ad35a16f,166,442,166,442,xor-chain,zhang-lintao,unknown,4a029ded0c7a0e9e98905382ad35a16f,handmade_2002,instances/4a029ded0c7a0e9e98905382ad35a16f.cnf
534ca733bf9abb0f9510b94ebf93dd38,166,442,166,442,xor-chain,zhang-lintao,unknown,534ca733bf9abb0f9510b94ebf93dd38,handmade_2003,instances/534ca733bf9abb0f9510b94ebf93dd38.cnf
a531cc48ca23ec2c623900a2c61fa169,166,442,166,442,xor-chain,zhang-lintao,unknown,a531cc48ca23ec2c623900a2c61fa169,handmade_2003,instances/a531cc48ca23ec2c623900a2c61fa169.cnf
f1b2d3d81fa9a631fcffe90fbd913aeb,168,448,168,448,tseitin-formulas,jarvisalo,unsat,f1b2d3d81fa9a631fcffe90fbd913aeb,"anni_2022,crafted_2005",instances/f1b2d3d81fa9a631fcffe90fbd913aeb.cnf
b33252a0ae12bbdb10449932540776dd,169,562,169,562,long-learned-clauses,markstrom,unsat,b33252a0ae12bbdb10449932540776dd,"anni_2022,crafted_2005",instances/b33252a0ae12bbdb10449932540776dd.cnf
ec8782efb3b5fa0936f8041ad37bb4d4,169,562,169,562,long-learned-clauses,markstrom,unsat,ec8782efb3b5fa0936f8041ad37bb4d4,"crafted_2007,crafted_2009,crafted_2012,crafted_2013",instances/ec8782efb3b5fa0936f8041ad37bb4d4.cnf
46ff8c74592f5ac9a6ab36f82ec02bc0,169,685,169,685,subset-cardinality,unknown,unsat,46ff8c74592f5ac9a6ab36f82ec02bc0,"anni_2022,crafted_2016",instances/46ff8c74592f5ac9a6ab36f82ec02bc0.cnf
83a1e1bb441806ee6112b1f2365456ca,170,865,170,865,battleship,skvortsov,sat,83a1e1bb441806ee6112b1f2365456ca,"anni_2022,crafted_2011,crafted_2012",instances/83a1e1bb441806ee6112b1f2365456ca.cnf
1bd9d36816a8b56557a2fe470a8cbf1c,172,832,172,832,miter,stanion,unsat,1bd9d36816a8b56557a2fe470a8cbf1c,"anni_2022,crafted_2007,crafted_2012",instances/1bd9d36816a8b56557a2fe470a8cbf1c.cnf
2da2d8242d31196d7a3d282e9cae4706,172,832,172,832,miter,stanion,unsat,2da2d8242d31196d7a3d282e9cae4706,"anni_2022,handmade_2003,handmade_2004",instances/2da2d8242d31196d7a3d282e9cae4706.cnf
3ad0933f3ce3e171fca56abad1d119ec,172,832,172,832,miter,unknown,unknown,3ad0933f3ce3e171fca56abad1d119ec,crafted_2005,instances/3ad0933f3ce3e171fca56abad1d119ec.cnf
45c5376d5b90ec10c21884b463ae837b,172,832,172,832,miter,unknown,unknown,45c5376d5b90ec10c21884b463ae837b,"handmade_2003,handmade_2004",instances/45c5376d5b90ec10c21884b463ae837b.cnf
55ef25b8bbf4dc45a9e55d103de5a41c,172,832,172,832,miter,stanion,unsat,55ef25b8bbf4dc45a9e55d103de5a41c,main_2019,instances/55ef25b8bbf4dc45a9e55d103de5a41c.cnf
6b9dec3f7890cb85fd6a84658ccf9777,172,832,172,832,miter,stanion,unsat,6b9dec3f7890cb85fd6a84658ccf9777,"crafted_2007,crafted_2012",instances/6b9dec3f7890cb85fd6a84658ccf9777.cnf
76092889853b97a64c3f9a850c04de1a,172,832,172,832,miter,unknown,unknown,76092889853b97a64c3f9a850c04de1a,crafted_2005,instances/76092889853b97a64c3f9a850c04de1a.cnf
7ad1fc191aae2e329ef8bd83de03c048,172,832,172,832,miter,unknown,unknown,7ad1fc191aae2e329ef8bd83de03c048,crafted_2005,instances/7ad1fc191aae2e329ef8bd83de03c048.cnf
8348bd7ab4c205d332407da24e3ab7ea,172,832,172,832,miter,stanion,unknown,8348bd7ab4c205d332407da24e3ab7ea,"handmade_2003,handmade_2004",instances/8348bd7ab4c205d332407da24e3ab7ea.cnf
a5e71d3ade64c68c244a4446998442a2,172,832,172,832,miter,stanion,unsat,a5e71d3ade64c68c244a4446998442a2,main_2019,instances/a5e71d3ade64c68c244a4446998442a2.cnf
18ae95ad7071b0d086ef6d840d551720,173,356,173,356,sgen,spence,unsat,18ae95ad7071b0d086ef6d840d551720,"anni_2022,crafted_2011",instances/18ae95ad7071b0d086ef6d840d551720.cnf
487ac9b1a77b8902fbd5a943130dd926,176,759,176,759,fpga-routing,aloul,sat,487ac9b1a77b8902fbd5a943130dd926,"anni_2022,industrial_2002",instances/487ac9b1a77b8902fbd5a943130dd926.cnf
e2f755d3078faf0bfa12279003122fda,180,280,178,280,hgen,heule,unsat,e2f755d3078faf0bfa12279003122fda,random_2003,instances/e2f755d3078faf0bfa12279003122fda.cnf
0e945dfda8c7885c4ca551f280a38359,180,279,180,279,hgen,heule,unknown,0e945dfda8c7885c4ca551f280a38359,random_2003,instances/0e945dfda8c7885c4ca551f280a38359.cnf
cfa7bc3d68a25458f5f5900ec4b456d9,180,279,180,279,hgen,heule,unknown,cfa7bc3d68a25458f5f5900ec4b456d9,random_2003,instances/cfa7bc3d68a25458f5f5900ec4b456d9.cnf
fb5f3e6850fdd31339fa860b5c8bf883,180,420,180,420,coloring,vangelder,unsat,fb5f3e6850fdd31339fa860b5c8bf883,"anni_2022,handmade_2002",instances/fb5f3e6850fdd31339fa860b5c8bf883.cnf
41f4cb4992a481c9d43e2e1a4e2349ac,180,432,180,432,sgen,spence,sat,41f4cb4992a481c9d43e2e1a4e2349ac,"anni_2022,crafted_2009,crafted_2012,main_2024",instances/41f4cb4992a481c9d43e2e1a4e2349ac.cnf
5feccc06fd6bbced837e6533a9098f3d,180,432,180,432,sgen,spence,sat,5feccc06fd6bbced837e6533a9098f3d,main_2019,instances/5feccc06fd6bbced837e6533a9098f3d.cnf
84792b005fb9c4ae38cbba05837a12b3,180,432,180,432,sgen,spence,unknown,84792b005fb9c4ae38cbba05837a12b3,crafted_2014,instances/84792b005fb9c4ae38cbba05837a12b3.cnf
f4fba3cd80dabcb1c6094da1bbda6a06,180,432,180,432,sgen,spence,sat,f4fba3cd80dabcb1c6094da1bbda6a06,"crafted_2011,crafted_2012",instances/f4fba3cd80dabcb1c6094da1bbda6a06.cnf
fc6ccf2b8fd87a970c2af2eabaf69def,180,432,180,432,sgen,spence,sat,fc6ccf2b8fd87a970c2af2eabaf69def,"crafted_2012,portfolio_2012",instances/fc6ccf2b8fd87a970c2af2eabaf69def.cnf
eac4b2e1c2fc8b94a135b5b1c6b7b228,180,648,180,648,sgen-balanced,spence,unsat,eac4b2e1c2fc8b94a135b5b1c6b7b228,"anni_2022,main_2017",instances/eac4b2e1c2fc8b94a135b5b1c6b7b228.cnf
1c6281c3cc5c502b64a644ed644a8ab7,180,720,180,720,tseitin-formulas,jarvisalo,unsat,1c6281c3cc5c502b64a644ed644a8ab7,"anni_2022,crafted_2007,crafted_2012",instances/1c6281c3cc5c502b64a644ed644a8ab7.cnf
8493fb24c54cb90c802eb2ca5464d230,180,720,180,720,tseitin-formulas,jarvisalo,unknown,8493fb24c54cb90c802eb2ca5464d230,crafted_2005,instances/8493fb24c54cb90c802eb2ca5464d230.cnf
b037d327326a9af53b039687e27704df,180,720,180,720,tseitin-formulas,jarvisalo,unknown,b037d327326a9af53b039687e27704df,crafted_2005,instances/b037d327326a9af53b039687e27704df.cnf
f6e2b84b69bf84aeef25c886cb83dcf5,180,720,180,720,tseitin-formulas,jarvisalo,unknown,f6e2b84b69bf84aeef25c886cb83dcf5,crafted_2005,instances/f6e2b84b69bf84aeef25c886cb83dcf5.cnf
452e25912539651a054def8e32cd4888,180,820,180,820,fpga-routing,aloul,sat,452e25912539651a054def8e32cd4888,"anni_2022,industrial_2002",instances/452e25912539651a054def8e32cd4888.cnf
3c194bebd33c343386d0cd3225b6faac,180,830,180,830,fpga-routing,aloul,unsat,3c194bebd33c343386d0cd3225b6faac,"anni_2022,industrial_2002",instances/3c194bebd33c343386d0cd3225b6faac.cnf
46d997b3611659598a5b5dc00d3758c8,180,910,180,910,battleship,skvortsov,sat,46d997b3611659598a5b5dc00d3758c8,"anni_2022,crafted_2011",instances/46d997b3611659598a5b5dc00d3758c8.cnf
3bacf8f8a189a4874abcd160a6cb9517,181,372,181,372,sgen,spence,unsat,3bacf8f8a189a4874abcd160a6cb9517,"anni_2022,crafted_2011",instances/3bacf8f8a189a4874abcd160a6cb9517.cnf
3c917e77148a8f645a60d28d8fb53fe8,184,416,184,416,agile,unknown,unsat,3c917e77148a8f645a60d28d8fb53fe8,"agile_2016,agile_2017",instances/3c917e77148a8f645a60d28d8fb53fe8.cnf
5d4085fbec7001434c266a85694feb21,184,459,184,459,agile,unknown,unsat,5d4085fbec7001434c266a85694feb21,"agile_2016,agile_2017",instances/5d4085fbec7001434c266a85694feb21.cnf
399089c44627f9602b5d58fb9cbaaf80,184,896,184,896,miter,stanion,unsat,399089c44627f9602b5d58fb9cbaaf80,"anni_2022,crafted_2011,crafted_2013,handmade_2003,handmade_2004",instances/399089c44627f9602b5d58fb9cbaaf80.cnf
4ef191ff1497d23141ba6adee8ada8bb,184,896,184,896,miter,unknown,unknown,4ef191ff1497d23141ba6adee8ada8bb,crafted_2005,instances/4ef191ff1497d23141ba6adee8ada8bb.cnf
593c30780f1664e1d1349b905f680dcb,184,896,184,896,miter,stanion,unsat,593c30780f1664e1d1349b905f680dcb,"crafted_2007,crafted_2013",instances/593c30780f1664e1d1349b905f680dcb.cnf
8924fd8ff845dfbe1e0970f3476328d7,184,896,184,896,miter,unknown,unsat,8924fd8ff845dfbe1e0970f3476328d7,"anni_2022,crafted_2005",instances/8924fd8ff845dfbe1e0970f3476328d7.cnf
90a51d9c64e3dd960636efb3882c702c,184,896,184,896,miter,stanion,unsat,90a51d9c64e3dd960636efb3882c702c,"crafted_2007,crafted_2009,crafted_2012",instances/90a51d9c64e3dd960636efb3882c702c.cnf
bc5261f21ea0214543370d2278ae6ecf,184,896,184,896,miter,stanion,unsat,bc5261f21ea0214543370d2278ae6ecf,"anni_2022,handmade_2003,handmade_2004",instances/bc5261f21ea0214543370d2278ae6ecf.cnf
d88078cbd02dc174f02dc7c14a90d2a2,184,896,184,896,miter,unknown,unknown,d88078cbd02dc174f02dc7c14a90d2a2,crafted_2005,instances/d88078cbd02dc174f02dc7c14a90d2a2.cnf
e4251e70ce53c977df65696b274e8d3f,184,896,184,896,miter,stanion,unsat,e4251e70ce53c977df65696b274e8d3f,"crafted_2011,crafted_2012,crafted_2013,handmade_2003,handmade_2004,portfolio_2012",instances/e4251e70ce53c977df65696b274e8d3f.cnf
e8ee20b7aac3678ccee57a5ae898882c,185,788,185,788,genurq,ostrowski,sat,e8ee20b7aac3678ccee57a5ae898882c,"anni_2022,handmade_2003",instances/e8ee20b7aac3678ccee57a5ae898882c.cnf
ec854c9d1a75a5ce7679d8099859615e,189,504,189,504,tseitin-formulas,jarvisalo,unsat,ec854c9d1a75a5ce7679d8099859615e,"anni_2022,crafted_2005",instances/ec854c9d1a75a5ce7679d8099859615e.cnf
075c4fe7ae4cef57f1a4c00e58142e23,190,506,190,506,xor-chain,zhang-lintao,unsat,075c4fe7ae4cef57f1a4c00e58142e23,"anni_2022,handmade_2003",instances/075c4fe7ae4cef57f1a4c00e58142e23.cnf
369196e2e98718bca4c038429b39e2d7,190,506,190,506,xor-chain,zhang-lintao,unknown,369196e2e98718bca4c038429b39e2d7,handmade_2003,instances/369196e2e98718bca4c038429b39e2d7.cnf
52398645310d3210eee65840b06626d9,190,506,190,506,xor-chain,zhang-lintao,unknown,52398645310d3210eee65840b06626d9,handmade_2002,instances/52398645310d3210eee65840b06626d9.cnf
5f5857c50fea95068fe3260a543e2afe,190,506,190,506,xor-chain,zhang-lintao,unknown,5f5857c50fea95068fe3260a543e2afe,handmade_2002,instances/5f5857c50fea95068fe3260a543e2afe.cnf
bf6e1918227b354b7ed3401f319307a9,190,506,190,506,xor-chain,zhang-lintao,unknown,bf6e1918227b354b7ed3401f319307a9,handmade_2003,instances/bf6e1918227b354b7ed3401f319307a9.cnf
eeed2d4d2040d97cfd530fe3ea0a3113,190,506,190,506,xor-chain,zhang-lintao,unknown,eeed2d4d2040d97cfd530fe3ea0a3113,handmade_2002,instances/eeed2d4d2040d97cfd530fe3ea0a3113.cnf
a64f3c1afd7e0f6165efbe9fc2fc8003,190,632,190,632,long-learned-clauses,markstrom,unsat,a64f3c1afd7e0f6165efbe9fc2fc8003,"anni_2022,crafted_2007,crafted_2009,crafted_2012,crafted_2013,main_2023",instances/a64f3c1afd7e0f6165efbe9fc2fc8003.cnf
f4a906da152e81794a07634755f16ebc,190,632,190,632,long-learned-clauses,markstrom,unknown,f4a906da152e81794a07634755f16ebc,crafted_2005,instances/f4a906da152e81794a07634755f16ebc.cnf
772769f39aa2dc207054a2713672a743,190,955,190,955,battleship,skvortsov,sat,772769f39aa2dc207054a2713672a743,"anni_2022,crafted_2011,crafted_2012",instances/772769f39aa2dc207054a2713672a743.cnf
af8414faca1a729bdbc4012895b2829a,192,512,192,512,tseitin-formulas,chu-min-li,unsat,af8414faca1a729bdbc4012895b2829a,"anni_2022,handmade_2002",instances/af8414faca1a729bdbc4012895b2829a.cnf
e636e214ccd3481a2f9aa0befd338d0d,192,512,192,512,tseitin-formulas,chu-min-li,unknown,e636e214ccd3481a2f9aa0befd338d0d,"handmade_2003,handmade_2004",instances/e636e214ccd3481a2f9aa0befd338d0d.cnf
a85db7ae2d8ab543d6c166607d7af3fa,192,689,192,689,sgen-balanced,spence,unsat,a85db7ae2d8ab543d6c166607d7af3fa,"anni_2022,main_2017",instances/a85db7ae2d8ab543d6c166607d7af3fa.cnf
55113d3365817fba844afdd0fbdfd1cb,192,768,192,768,tseitin-formulas,jarvisalo,sat,55113d3365817fba844afdd0fbdfd1cb,"anni_2022,crafted_2005",instances/55113d3365817fba844afdd0fbdfd1cb.cnf
cbd9bfc909142d4b5852edc15003b639,193,396,193,396,sgen,spence,unsat,cbd9bfc909142d4b5852edc15003b639,"anni_2022,crafted_2011",instances/cbd9bfc909142d4b5852edc15003b639.cnf
04674c7c9520c7edc0426b820f837726,194,954,194,954,miter,stanion,unsat,04674c7c9520c7edc0426b820f837726,"anni_2022,handmade_2003,handmade_2004",instances/04674c7c9520c7edc0426b820f837726.cnf
2c6a20f1f740c221e48453fc1f609108,194,954,194,954,miter,unknown,unknown,2c6a20f1f740c221e48453fc1f609108,crafted_2005,instances/2c6a20f1f740c221e48453fc1f609108.cnf
35aecf60b589c7b71dcf251ad90aea7f,194,954,194,954,miter,unknown,unsat,35aecf60b589c7b71dcf251ad90aea7f,"anni_2022,crafted_2005",instances/35aecf60b589c7b71dcf251ad90aea7f.cnf
61608c06baedb61748a1a837aaf86683,194,954,194,954,miter,unknown,unknown,61608c06baedb61748a1a837aaf86683,crafted_2005,instances/61608c06baedb61748a1a837aaf86683.cnf
ca86d8482b6cb2917408fdfa34f18b62,194,954,194,954,miter,stanion,unknown,ca86d8482b6cb2917408fdfa34f18b62,"handmade_2003,handmade_2004",instances/ca86d8482b6cb2917408fdfa34f18b62.cnf
d667a6eb622a12264637691c0fe43c89,194,954,194,954,miter,stanion,unknown,d667a6eb622a12264637691c0fe43c89,"crafted_2011,handmade_2003,handmade_2004",instances/d667a6eb622a12264637691c0fe43c89.cnf
ee3fbb674da506cf676adfff15ed7c3f,195,905,195,905,fpga-routing,aloul,sat,ee3fbb674da506cf676adfff15ed7c3f,"anni_2022,industrial_2002",instances/ee3fbb674da506cf676adfff15ed7c3f.cnf
e62085a8fa67f0000faa34bb1811ff96,198,361,198,361,theorem-proving,vangelder,unsat,e62085a8fa67f0000faa34bb1811ff96,"anni_2022,handmade_2002",instances/e62085a8fa67f0000faa34bb1811ff96.cnf
83ecab8576e44dc4311806171a1897e2,198,474,198,474,hardware-verification,goldberg,unsat,83ecab8576e44dc4311806171a1897e2,"anni_2022,industrial_2002,mus_2011",instances/83ecab8576e44dc4311806171a1897e2.cnf
b421c18a16cf8ee859b1606b534c3756,198,474,198,474,hardware-verification,goldberg,unsat,b421c18a16cf8ee859b1606b534c3756,industrial_2002,instances/b421c18a16cf8ee859b1606b534c3756.cnf
8edd9fb9f977153a03811c072efafbb6,200,480,200,480,sgen,spence,unknown,8edd9fb9f977153a03811c072efafbb6,"anni_2022,crafted_2014",instances/8edd9fb9f977153a03811c072efafbb6.cnf
bf2a185100b3310024c859b03a9edc03,200,480,200,480,sgen,spence,sat,bf2a185100b3310024c859b03a9edc03,"crafted_2011,crafted_2012,crafted_2014,portfolio_2012",instances/bf2a185100b3310024c859b03a9edc03.cnf
e93cee4cd0844030dae48fc6057de334,200,480,200,480,sgen,spence,sat,e93cee4cd0844030dae48fc6057de334,"crafted_2012,crafted_2013,crafted_2014",instances/e93cee4cd0844030dae48fc6057de334.cnf
f4fc9d5721fe8bec5fc8dfff2f7c55f9,200,480,200,480,sgen,spence,sat,f4fc9d5721fe8bec5fc8dfff2f7c55f9,"crafted_2009,crafted_2012",instances/f4fc9d5721fe8bec5fc8dfff2f7c55f9.cnf
2eeb1d735afc7aae8266d7355d4312c9,200,800,200,800,tseitin-formulas,jarvisalo,unsat,2eeb1d735afc7aae8266d7355d4312c9,"anni_2022,crafted_2005",instances/2eeb1d735afc7aae8266d7355d4312c9.cnf
50a6d53dfb7c3f6de126290275f800b9,200,800,200,800,tseitin-formulas,jarvisalo,sat,50a6d53dfb7c3f6de126290275f800b9,"anni_2022,crafted_2005",instances/50a6d53dfb7c3f6de126290275f800b9.cnf
548e52cb4ef6625e0eef3f969b2afbd6,200,800,200,800,tseitin-formulas,jarvisalo,sat,548e52cb4ef6625e0eef3f969b2afbd6,crafted_2005,instances/548e52cb4ef6625e0eef3f969b2afbd6.cnf
82f618177646f082a49cc791157bb412,200,800,200,800,tseitin-formulas,jarvisalo,unknown,82f618177646f082a49cc791157bb412,crafted_2005,instances/82f618177646f082a49cc791157bb412.cnf
8af7a850fa20bf571847be48b4d59d1b,200,800,200,800,tseitin-formulas,jarvisalo,unknown,8af7a850fa20bf571847be48b4d59d1b,crafted_2005,instances/8af7a850fa20bf571847be48b4d59d1b.cnf
9fdb175d72793a2231630a48aec5f299,200,800,200,800,tseitin-formulas,jarvisalo,sat,9fdb175d72793a2231630a48aec5f299,crafted_2005,instances/9fdb175d72793a2231630a48aec5f299.cnf
0f4576a6e7399336e11f0828d32263dd,200,856,200,856,coloring,pehoushek,sat,0f4576a6e7399336e11f0828d32263dd,"anni_2022,handmade_2002",instances/0f4576a6e7399336e11f0828d32263dd.cnf
5b069ff43dfa72b0d6bde11b9cb3e9d7,200,856,200,856,coloring,pehoushek,sat,5b069ff43dfa72b0d6bde11b9cb3e9d7,handmade_2002,instances/5b069ff43dfa72b0d6bde11b9cb3e9d7.cnf
87585b87351dbd4f774ac81e2a188939,200,856,200,856,coloring,pehoushek,sat,87585b87351dbd4f774ac81e2a188939,handmade_2002,instances/87585b87351dbd4f774ac81e2a188939.cnf
974003b64281def22a7a7f30c5ba6adf,200,856,200,856,coloring,pehoushek,sat,974003b64281def22a7a7f30c5ba6adf,handmade_2002,instances/974003b64281def22a7a7f30c5ba6adf.cnf
a98312e5d573bb7dcbcfddb30ff0bbd9,200,856,200,856,coloring,pehoushek,sat,a98312e5d573bb7dcbcfddb30ff0bbd9,handmade_2002,instances/a98312e5d573bb7dcbcfddb30ff0bbd9.cnf
b0fa60c71a3779aec95da689c5554197,200,856,200,856,coloring,pehoushek,sat,b0fa60c71a3779aec95da689c5554197,handmade_2002,instances/b0fa60c71a3779aec95da689c5554197.cnf
bccca0c6d7022dd8a80951db2c870f3d,200,856,200,856,coloring,pehoushek,sat,bccca0c6d7022dd8a80951db2c870f3d,handmade_2002,instances/bccca0c6d7022dd8a80951db2c870f3d.cnf
c175b24f33d695a754b19f05fa2f66d6,200,856,200,856,coloring,pehoushek,sat,c175b24f33d695a754b19f05fa2f66d6,handmade_2002,instances/c175b24f33d695a754b19f05fa2f66d6.cnf
c6b615af5704716d42c23307e4f62c94,200,856,200,856,coloring,pehoushek,sat,c6b615af5704716d42c23307e4f62c94,handmade_2002,instances/c6b615af5704716d42c23307e4f62c94.cnf
f11dff678088df177040b64658ac9f2e,200,856,200,856,coloring,pehoushek,sat,f11dff678088df177040b64658ac9f2e,handmade_2002,instances/f11dff678088df177040b64658ac9f2e.cnf
22bdcc381b87de79ee974c1bef0d0080,200,860,200,860,random-planted-solution,unknown,sat,22bdcc381b87de79ee974c1bef0d0080,random_2018,instances/22bdcc381b87de79ee974c1bef0d0080.cnf
3ac69fcb49a52e557a4923d86545f23f,200,860,200,860,random-planted-solution,unknown,sat,3ac69fcb49a52e557a4923d86545f23f,random_2018,instances/3ac69fcb49a52e557a4923d86545f23f.cnf
7c20b454847c86918d40e6b5264fcef3,200,860,200,860,random-planted-solution,unknown,sat,7c20b454847c86918d40e6b5264fcef3,random_2018,instances/7c20b454847c86918d40e6b5264fcef3.cnf
f09104b03d1bcdb6542c750879753fdf,200,860,200,860,random-planted-solution,unknown,sat,f09104b03d1bcdb6542c750879753fdf,random_2018,instances/f09104b03d1bcdb6542c750879753fdf.cnf
fbc02467a83ba426a99baf88d860711a,200,860,200,860,random-planted-solution,unknown,sat,fbc02467a83ba426a99baf88d860711a,random_2018,instances/fbc02467a83ba426a99baf88d860711a.cnf
